Original_Gene_ID,Mean_Abs_SHAP
HORVUMOREXr35HG0495580,0.005978413677366916
HORVUMOREXr31HG0080260,0.005113675266329665
HORVUMOREXr31HG0069750,0.005000425641628681
HORVUMOREXr31HG0034640,0.004843243981304113
HORVUMOREXr35HG0526200,0.004829155680490658
HORVUMOREXr31HG0005750,0.0046875418819399784
HORVUMOREXr35HG0513490,0.004624252326902933
HORVUMOREXr32HG0108200,0.004570245987561066
HORVUMOREXr34HG0389410,0.004380292373243719
HORVUMOREXr34HG0354250,0.00431418456370011
HORVUMOREXr32HG0176390,0.004305677551310509
HORVUMOREXr31HG0081820,0.0042517717624286884
HORVUMOREXr32HG0136460,0.004142439240240492
HORVUMOREXr32HG0119590,0.0040826377357007
HORVUMOREXr32HG0132590,0.004064785225200467
HORVUMOREXr32HG0111290,0.0040569496536772935
HORVUMOREXr33HG0271660,0.004039507794659585
HORVUMOREXr35HG0488440,0.0040253161767032
HORVUMOREXr31HG0034590,0.004022676616441459
HORVUMOREXr33HG0299540,0.0040018379070534136
HORVUMOREXr34HG0406990,0.003986248594337667
HORVUMOREXr34HG0389120,0.0039546357139988685
HORVUMOREXr33HG0280900,0.003943911126443708
HORVUMOREXr33HG0248440,0.003935163512614963
HORVUMOREXr33HG0254020,0.0039279894976061765
HORVUMOREXr35HG0470650,0.0038897472294047476
HORVUMOREXr33HG0236750,0.0038794858959590784
HORVUMOREXr32HG0111130,0.0038137771669426003
HORVUMOREXr33HG0287530,0.003796875635289325
HORVUMOREXr35HG0478950,0.003766600516246399
HORVUMOREXr33HG0280320,0.00372482752558426
HORVUMOREXr35HG0528510,0.003715389941298781
HORVUMOREXr33HG0278710,0.0037069507414707915
HORVUMOREXr35HG0510440,0.0036945968779036773
HORVUMOREXr34HG0413790,0.0036944474495976464
HORVUMOREXr31HG0090370,0.0036874873409396968
HORVUMOREXr31HG0022350,0.0036732554258196615
HORVUMOREXr32HG0113380,0.0036683163077395873
HORVUMOREXr34HG0382110,0.003644473470048979
HORVUMOREXr32HG0199010,0.0036365919691888847
HORVUMOREXr32HG0182210,0.0036341997233466827
HORVUMOREXr35HG0509200,0.0036279575775733973
HORVUMOREXr34HG0390270,0.0036218556502717546
HORVUMOREXr34HG0386920,0.00361342068441445
HORVUMOREXr31HG0038550,0.003611061458650511
HORVUMOREXr31HG0028320,0.0036055448808474467
HORVUMOREXr31HG0049580,0.0035982242377940567
HORVUMOREXr31HG0057440,0.003594173976016464
HORVUMOREXr35HG0448240,0.0035797256273508537
HORVUMOREXr34HG0357310,0.003571968685428146
HORVUMOREXr35HG0476040,0.003566642219811911
HORVUMOREXr34HG0387430,0.003563291964819655
HORVUMOREXr34HG0336460,0.003550718232472718
HORVUMOREXr33HG0263430,0.0035394439958326986
HORVUMOREXr34HG0333090,0.0035376115448161726
HORVUMOREXr32HG0137670,0.003533308698242763
HORVUMOREXr34HG0388270,0.0035170308114902582
HORVUMOREXr34HG0355460,0.0034974116942612455
HORVUMOREXr32HG0144860,0.0034936443768674506
HORVUMOREXr33HG0294710,0.0034637060576642397
HORVUMOREXr34HG0413910,0.0034623785526491702
HORVUMOREXr32HG0138530,0.0034620458917561337
HORVUMOREXr31HG0074750,0.0034576699996978276
HORVUMOREXr32HG0208800,0.0034557922526437324
HORVUMOREXr36HG0558040,0.003455287283868529
HORVUMOREXr33HG0266190,0.0034492430844693446
HORVUMOREXr32HG0211180,0.0034419398987665774
HORVUMOREXr34HG0337700,0.0034330860391492022
HORVUMOREXr33HG0218450,0.003417959114012774
HORVUMOREXr35HG0459090,0.0034130112075945363
HORVUMOREXr31HG0063360,0.003401887287745922
HORVUMOREXr35HG0447830,0.0034005973722378256
HORVUMOREXr36HG0551620,0.0033989463291800347
HORVUMOREXr35HG0493390,0.0033793561991478783
HORVUMOREXr32HG0160170,0.003374218877070234
HORVUMOREXr32HG0128240,0.0033636578416741257
HORVUMOREXr34HG0357360,0.003351148365036352
HORVUMOREXr32HG0185510,0.0033496565655514133
HORVUMOREXr33HG0272030,0.00334560185612645
HORVUMOREXr33HG0277770,0.00332453026654548
HORVUMOREXr35HG0474350,0.0033211458855657836
HORVUMOREXr34HG0336680,0.003316579829552211
HORVUMOREXr34HG0387600,0.003309703867853386
HORVUMOREXr32HG0212580,0.0032792550552403553
HORVUMOREXr32HG0143250,0.0032775130815571175
HORVUMOREXr31HG0093030,0.003276757813655422
HORVUMOREXr32HG0179950,0.003275056611164473
HORVUMOREXr32HG0112410,0.0032686594009283
HORVUMOREXr35HG0466190,0.003262406708236085
HORVUMOREXr34HG0362480,0.003262388556613587
HORVUMOREXr35HG0434150,0.003255459876600071
HORVUMOREXr31HG0013690,0.003242421315494539
HORVUMOREXr34HG0362140,0.0032414509973750683
HORVUMOREXr31HG0061880,0.003217195192919462
HORVUMOREXr31HG0005400,0.0032100684041506612
HORVUMOREXr35HG0440490,0.0031992146999982652
HORVUMOREXr32HG0096000,0.0031772797755911597
HORVUMOREXr32HG0187900,0.003176402824028628
HORVUMOREXr36HG0542310,0.0031541191163705663
HORVUMOREXr32HG0181460,0.0031531442081177375
HORVUMOREXr35HG0448480,0.0031329725519753993
HORVUMOREXr36HG0552200,0.0031277049271739086
HORVUMOREXr32HG0137420,0.0031225450453348457
HORVUMOREXr34HG0336730,0.0031191975847468714
HORVUMOREXr35HG0490580,0.0031129423381389644
HORVUMOREXr31HG0074210,0.003109292732551694
HORVUMOREXr31HG0062680,0.0031087849656614708
HORVUMOREXr35HG0522560,0.0031010218301616987
HORVUMOREXr35HG0447820,0.0030990580533398317
HORVUMOREXr32HG0116450,0.003099024254261167
HORVUMOREXr31HG0003780,0.0030907267989823597
HORVUMOREXr34HG0390280,0.0030879924005148495
HORVUMOREXr33HG0300710,0.0030872951584751717
HORVUMOREXr34HG0410300,0.0030870005374890753
HORVUMOREXr33HG0303270,0.0030866704671643676
HORVUMOREXr34HG0410810,0.0030855664267437533
HORVUMOREXr34HG0339730,0.003082957414608245
HORVUMOREXr34HG0397900,0.0030797256524965635
HORVUMOREXr33HG0246230,0.0030713434610515834
HORVUMOREXr36HG0553200,0.0030669871236023026
HORVUMOREXr31HG0002350,0.003066644450009335
HORVUMOREXr31HG0059430,0.0030608429056883323
HORVUMOREXr33HG0290730,0.0030268855407484807
HORVUMOREXr33HG0324900,0.0030250076683296357
HORVUMOREXr32HG0205560,0.0030204110463091637
HORVUMOREXr34HG0392120,0.0030201064271386715
HORVUMOREXr33HG0313080,0.0030075563593709377
HORVUMOREXr33HG0246610,0.0030075140367262065
HORVUMOREXr35HG0471120,0.0029960620546989956
HORVUMOREXr33HG0241760,0.0029795981910137924
HORVUMOREXr35HG0466770,0.002965597579604946
HORVUMOREXr35HG0428450,0.0029391507608306712
HORVUMOREXr35HG0487000,0.0029324966648346163
HORVUMOREXr33HG0271870,0.0029275719142242453
HORVUMOREXr31HG0079950,0.0029208551126066597
HORVUMOREXr33HG0305390,0.0029167631411473847
HORVUMOREXr33HG0221750,0.002916543929895852
HORVUMOREXr31HG0050150,0.0029144748719409108
HORVUMOREXr32HG0168610,0.0028989851064397955
HORVUMOREXr36HG0539990,0.0028874541382538153
HORVUMOREXr34HG0384350,0.002885863167757634
HORVUMOREXr32HG0203360,0.00288066927503678
HORVUMOREXr34HG0386400,0.002879649731039535
HORVUMOREXr34HG0385670,0.0028761920011834263
HORVUMOREXr33HG0307120,0.002871080234181136
HORVUMOREXr36HG0541650,0.0028629281694884413
HORVUMOREXr34HG0401640,0.0028515762423194247
HORVUMOREXr33HG0231900,0.002842414158512838
HORVUMOREXr34HG0401130,0.002838788536373613
HORVUMOREXr32HG0201860,0.0028277347484254277
HORVUMOREXr32HG0192250,0.0028246967749873874
HORVUMOREXr35HG0474770,0.0028158265564707107
HORVUMOREXr34HG0390900,0.0028156835541449255
HORVUMOREXr33HG0286490,0.002805971292837057
HORVUMOREXr34HG0405560,0.0027977201029716525
HORVUMOREXr35HG0448420,0.002796337284062247
HORVUMOREXr35HG0428120,0.002795540684310254
HORVUMOREXr33HG0325760,0.0027901577558077408
HORVUMOREXr35HG0537780,0.0027900461362514763
HORVUMOREXr35HG0524930,0.0027852259338760634
HORVUMOREXr34HG0409150,0.0027851474392809905
HORVUMOREXr31HG0076400,0.0027830671131960118
HORVUMOREXr34HG0356420,0.0027826948039000854
HORVUMOREXr31HG0017980,0.0027805020117193636
HORVUMOREXr33HG0245460,0.002762630386187084
HORVUMOREXr33HG0250620,0.002747752820359892
HORVUMOREXr35HG0473930,0.0027474737862939946
HORVUMOREXr32HG0189360,0.002739302293266519
HORVUMOREXr35HG0501670,0.0027387732302304357
HORVUMOREXr32HG0168090,0.00273758875177009
HORVUMOREXr32HG0110760,0.002729778890620764
HORVUMOREXr31HG0063540,0.002728246756887529
HORVUMOREXr32HG0214950,0.0027235122898127883
HORVUMOREXr33HG0294840,0.0027183631133812012
HORVUMOREXr32HG0188130,0.0027147987543321506
HORVUMOREXr33HG0296420,0.0027115405624499544
HORVUMOREXr33HG0228670,0.0027104325319436385
HORVUMOREXr34HG0372480,0.0027046392096963245
HORVUMOREXr33HG0284330,0.002701144410239067
HORVUMOREXr31HG0060570,0.002687659505754709
HORVUMOREXr31HG0083900,0.002681734537400189
HORVUMOREXr32HG0150240,0.0026788632146781313
HORVUMOREXr35HG0528310,0.002675221521203639
HORVUMOREXr33HG0291490,0.002666451234035776
HORVUMOREXr31HG0027850,0.00266616233269815
HORVUMOREXr32HG0143220,0.0026629775887704456
HORVUMOREXr35HG0509360,0.0026606843990157358
HORVUMOREXr35HG0476940,0.002655416089401115
HORVUMOREXr32HG0162410,0.002652931295451708
HORVUMOREXr35HG0467420,0.0026526809344795763
HORVUMOREXr32HG0158620,0.0026482365946867504
HORVUMOREXr31HG0026170,0.0026479976953851293
HORVUMOREXr31HG0062350,0.0026455305953277273
HORVUMOREXr34HG0342760,0.0026445594576580333
HORVUMOREXr31HG0016410,0.0026438713161769556
HORVUMOREXr35HG0463550,0.0026418314990587534
HORVUMOREXr34HG0345380,0.0026390454362262973
HORVUMOREXr35HG0456490,0.002634935652722561
HORVUMOREXr31HG0055400,0.002633176041417755
HORVUMOREXr31HG0066250,0.002628833945491351
HORVUMOREXr32HG0190710,0.0026240843543564553
HORVUMOREXr35HG0533760,0.002618985160770535
HORVUMOREXr35HG0509080,0.00261857600096846
HORVUMOREXr34HG0408690,0.0026169570902129635
HORVUMOREXr31HG0070060,0.002615107099991292
HORVUMOREXr33HG0253650,0.0026104128506267443
HORVUMOREXr35HG0462780,0.0026073141489177942
HORVUMOREXr32HG0111520,0.0026044150841880763
HORVUMOREXr35HG0469190,0.002600168715871405
HORVUMOREXr31HG0073570,0.002591207572404528
HORVUMOREXr32HG0113270,0.0025901350411004385
HORVUMOREXr33HG0248280,0.002587610568771197
HORVUMOREXr32HG0154130,0.0025809312343335476
HORVUMOREXr35HG0467970,0.0025804025487741454
HORVUMOREXr32HG0167650,0.0025803590772557074
HORVUMOREXr32HG0178520,0.002580271389451809
HORVUMOREXr34HG0391930,0.0025761829143448266
HORVUMOREXr32HG0165160,0.0025740695797685474
HORVUMOREXr32HG0157150,0.0025735809264006092
HORVUMOREXr35HG0464020,0.0025734218105935725
HORVUMOREXr33HG0256400,0.0025701700620993505
HORVUMOREXr32HG0133880,0.002567722090607276
HORVUMOREXr35HG0484640,0.0025593142966681627
HORVUMOREXr33HG0286540,0.0025525183395075147
HORVUMOREXr34HG0348850,0.002541571062611183
HORVUMOREXr32HG0173550,0.0025375681731384246
HORVUMOREXr34HG0388860,0.0025329968001460658
HORVUMOREXr32HG0172760,0.0025262214978579323
HORVUMOREXr35HG0468440,0.0025257703954412137
HORVUMOREXr31HG0022780,0.0025228216394316406
HORVUMOREXr31HG0084940,0.0025216126983286812
HORVUMOREXr33HG0295370,0.0025147642673618974
HORVUMOREXr33HG0327270,0.00250768969359342
HORVUMOREXr31HG0051770,0.002507521829415964
HORVUMOREXr33HG0230910,0.002506948648951948
HORVUMOREXr33HG0236500,0.002498554582853103
HORVUMOREXr33HG0303420,0.00249716909849667
HORVUMOREXr34HG0357230,0.002491399757855106
HORVUMOREXr34HG0403490,0.002488142756483285
HORVUMOREXr32HG0178290,0.002487893272191286
HORVUMOREXr35HG0524610,0.0024836362092173657
HORVUMOREXr35HG0430720,0.002474574631341966
HORVUMOREXr35HG0510050,0.002473894021240994
HORVUMOREXr32HG0195080,0.002468432472232962
HORVUMOREXr34HG0411040,0.002465430672891671
HORVUMOREXr35HG0451130,0.0024616803556273227
HORVUMOREXr34HG0393710,0.0024614008547359846
HORVUMOREXr33HG0228030,0.0024472756745490187
HORVUMOREXr34HG0378950,0.002445834226673469
HORVUMOREXr33HG0323020,0.0024436106803477744
HORVUMOREXr33HG0288880,0.0024388296507822814
HORVUMOREXr33HG0230880,0.0024334076974400886
HORVUMOREXr33HG0244600,0.0024278070343279976
HORVUMOREXr34HG0398980,0.0024271230265730994
HORVUMOREXr35HG0438450,0.002426987576618558
HORVUMOREXr31HG0002870,0.002425916529609822
HORVUMOREXr35HG0507760,0.002424458687164588
HORVUMOREXr33HG0300980,0.0024217297599534505
HORVUMOREXr32HG0157250,0.0024196444808330855
HORVUMOREXr34HG0388310,0.002419011597521603
HORVUMOREXr33HG0287390,0.002413004455738701
HORVUMOREXr33HG0280160,0.0024117868571192956
HORVUMOREXr33HG0281080,0.002411747739006387
HORVUMOREXr31HG0052800,0.002410310917330207
HORVUMOREXr31HG0048070,0.002406868488251348
HORVUMOREXr35HG0530190,0.002397188424220076
HORVUMOREXr33HG0264900,0.0023970826639560985
HORVUMOREXr32HG0183860,0.0023938659986743006
HORVUMOREXr32HG0179660,0.0023928892487310805
HORVUMOREXr34HG0394640,0.00238860837649554
HORVUMOREXr31HG0087960,0.00238313225147067
HORVUMOREXr32HG0141740,0.002381424052728107
HORVUMOREXr33HG0279940,0.002380481500586029
HORVUMOREXr33HG0310680,0.002379702470061602
HORVUMOREXr31HG0016740,0.002377843636786565
HORVUMOREXr33HG0305770,0.002377172135593355
HORVUMOREXr32HG0173750,0.002374258492636727
HORVUMOREXr32HG0200980,0.002370949236501474
HORVUMOREXr35HG0494330,0.0023623568813854945
HORVUMOREXr36HG0556240,0.002362108905945206
HORVUMOREXr35HG0439620,0.002361201324456488
HORVUMOREXr33HG0245300,0.00235519698258031
HORVUMOREXr31HG0039110,0.0023525550472550095
HORVUMOREXr32HG0121830,0.002352472778875381
HORVUMOREXr33HG0306610,0.0023512670435593464
HORVUMOREXr34HG0352920,0.0023504561672598357
HORVUMOREXr35HG0497360,0.002344746352173388
HORVUMOREXr35HG0527810,0.0023408339294837786
HORVUMOREXr31HG0005620,0.0023406054271254105
HORVUMOREXr32HG0156720,0.0023395675890060374
HORVUMOREXr33HG0295580,0.002328967924677272
HORVUMOREXr32HG0163590,0.002326459601172246
HORVUMOREXr31HG0081080,0.0023259410213358933
HORVUMOREXr33HG0228140,0.002324804825911997
HORVUMOREXr33HG0314770,0.00232462358486373
HORVUMOREXr31HG0070130,0.002323391480695136
HORVUMOREXr32HG0123800,0.0023193878860911354
HORVUMOREXr34HG0354340,0.0023193468146200757
HORVUMOREXr32HG0139900,0.0023176940377743448
HORVUMOREXr34HG0391730,0.0023159906462626623
HORVUMOREXr35HG0461780,0.0023131308617303148
HORVUMOREXr35HG0508800,0.0023113980365451424
HORVUMOREXr31HG0057310,0.0023113336029928176
HORVUMOREXr32HG0151200,0.0023104245114518563
HORVUMOREXr32HG0210420,0.002305296197955613
HORVUMOREXr35HG0446480,0.0023047692482577988
HORVUMOREXr35HG0473380,0.0023040629658908074
HORVUMOREXr32HG0104520,0.0022929261857643725
HORVUMOREXr34HG0336400,0.0022892283214605413
HORVUMOREXr34HG0341890,0.0022889308932644782
HORVUMOREXr33HG0230890,0.002282820365653606
HORVUMOREXr32HG0211670,0.0022808344691293315
HORVUMOREXr35HG0422490,0.002275580949280993
HORVUMOREXr31HG0068140,0.0022719561206395156
HORVUMOREXr33HG0289780,0.002271874763391679
HORVUMOREXr33HG0285210,0.0022676586083252913
HORVUMOREXr35HG0444800,0.002264974453605646
HORVUMOREXr32HG0187610,0.002258211845473852
HORVUMOREXr31HG0043100,0.0022568239754764364
HORVUMOREXr31HG0019360,0.002253197777317837
HORVUMOREXr34HG0337230,0.0022490452341207856
HORVUMOREXr33HG0278120,0.0022379365394590424
HORVUMOREXr34HG0407060,0.002233916956975008
HORVUMOREXr34HG0405170,0.0022277736328578613
HORVUMOREXr31HG0078200,0.002226037013460882
HORVUMOREXr35HG0529550,0.002222347970091505
HORVUMOREXr34HG0359960,0.002220264426796348
HORVUMOREXr34HG0381380,0.0022119512596691492
HORVUMOREXr33HG0284790,0.0022089979333395605
HORVUMOREXr33HG0260350,0.0022086057631531732
HORVUMOREXr35HG0487690,0.002207756834141037
HORVUMOREXr33HG0317830,0.0022039091735496187
HORVUMOREXr34HG0410640,0.002203717902084463
HORVUMOREXr31HG0013700,0.002200613705581418
HORVUMOREXr31HG0082050,0.0021987508103484287
HORVUMOREXr32HG0106380,0.0021964030460003415
HORVUMOREXr34HG0360730,0.0021937739387794864
HORVUMOREXr33HG0256100,0.0021936241711955516
HORVUMOREXr35HG0481760,0.0021882780457963234
HORVUMOREXr33HG0231480,0.0021875044843545767
HORVUMOREXr33HG0222780,0.0021853894317791856
HORVUMOREXr35HG0484150,0.002178418921066623
HORVUMOREXr34HG0379100,0.0021745577490946745
HORVUMOREXr33HG0320950,0.0021704747023682104
HORVUMOREXr34HG0377280,0.0021698878499574904
HORVUMOREXr35HG0500780,0.0021696440111554694
HORVUMOREXr35HG0421370,0.0021686275176034542
HORVUMOREXr35HG0488190,0.0021642035340482834
HORVUMOREXr33HG0248130,0.0021632063771985345
HORVUMOREXr32HG0169970,0.002161295733822044
HORVUMOREXr34HG0408670,0.0021596847611363044
HORVUMOREXr34HG0338750,0.0021557911680429244
HORVUMOREXr36HG0554230,0.0021503165216199705
HORVUMOREXr33HG0306060,0.002150015861552674
HORVUMOREXr32HG0169350,0.0021486217665369622
HORVUMOREXr35HG0435980,0.0021451330920899637
HORVUMOREXr33HG0267220,0.0021420110542385374
HORVUMOREXr34HG0340900,0.002140017993806396
HORVUMOREXr31HG0033920,0.0021384555120312143
HORVUMOREXr32HG0183850,0.0021380598367977655
HORVUMOREXr35HG0509400,0.002137573267609696
HORVUMOREXr32HG0130180,0.0021340360201065776
HORVUMOREXr31HG0032570,0.0021300429859547874
HORVUMOREXr31HG0018730,0.002129689940265962
HORVUMOREXr35HG0461880,0.002129092661343748
HORVUMOREXr35HG0485300,0.002127661956183147
HORVUMOREXr35HG0512800,0.002127600525127491
HORVUMOREXr35HG0471940,0.002127330435614567
HORVUMOREXr34HG0393260,0.0021249439704115504
HORVUMOREXr31HG0081410,0.0021238088014933964
HORVUMOREXr35HG0519010,0.0021214252068602947
HORVUMOREXr31HG0075480,0.002121411316038575
HORVUMOREXr31HG0065490,0.0021199399925535545
HORVUMOREXr35HG0489580,0.0021193534536723744
HORVUMOREXr33HG0273280,0.002117956273505115
HORVUMOREXr32HG0202070,0.0021178974851318345
HORVUMOREXr32HG0200040,0.0021166770924173762
HORVUMOREXr31HG0052940,0.0021159343801286923
HORVUMOREXr34HG0338800,0.00211335392203182
HORVUMOREXr31HG0092140,0.0020989603552152404
HORVUMOREXr34HG0386020,0.0020968280229135415
HORVUMOREXr32HG0123490,0.0020965811379210207
HORVUMOREXr33HG0270870,0.0020951663437881506
HORVUMOREXr35HG0475540,0.0020933028956642372
HORVUMOREXr33HG0309210,0.0020879728990894366
HORVUMOREXr31HG0043350,0.0020874569957959467
HORVUMOREXr35HG0527470,0.0020866507274331526
HORVUMOREXr32HG0168950,0.0020821225545660125
HORVUMOREXr34HG0399600,0.002079640274751
HORVUMOREXr32HG0158290,0.0020786865716218017
HORVUMOREXr32HG0179670,0.0020785629976307974
HORVUMOREXr31HG0061750,0.0020776930250576697
HORVUMOREXr33HG0268410,0.002076162397061125
HORVUMOREXr33HG0273800,0.0020734285589423963
HORVUMOREXr33HG0269850,0.002073098079345073
HORVUMOREXr32HG0187640,0.0020727760830226314
HORVUMOREXr32HG0097610,0.0020708162957453168
HORVUMOREXr31HG0030650,0.0020692089575823046
HORVUMOREXr35HG0503060,0.002069101058068554
HORVUMOREXr31HG0020220,0.0020675082879097317
HORVUMOREXr33HG0300760,0.002066027703253894
HORVUMOREXr35HG0496910,0.0020641621673712506
HORVUMOREXr31HG0001120,0.002059939181399386
HORVUMOREXr32HG0197110,0.002058630319952499
HORVUMOREXr31HG0077720,0.0020585771069272594
HORVUMOREXr35HG0488680,0.00205572179867886
HORVUMOREXr32HG0202060,0.002053656671487261
HORVUMOREXr35HG0516940,0.0020486588913081506
HORVUMOREXr32HG0159720,0.00204514564749843
HORVUMOREXr35HG0528520,0.002044817778369179
HORVUMOREXr31HG0063340,0.002041837479628157
HORVUMOREXr35HG0510650,0.0020381109301160906
HORVUMOREXr31HG0052810,0.0020377128188556527
HORVUMOREXr33HG0290290,0.0020374377064581494
HORVUMOREXr32HG0119920,0.0020370947671472096
HORVUMOREXr35HG0434160,0.0020367350852757227
HORVUMOREXr35HG0485980,0.0020362098629993853
HORVUMOREXr32HG0196370,0.0020352846951573154
HORVUMOREXr33HG0277670,0.002034854937592172
HORVUMOREXr32HG0185300,0.00203297768864104
HORVUMOREXr32HG0170290,0.0020261192483303605
HORVUMOREXr32HG0183450,0.0020258045161972403
HORVUMOREXr34HG0407460,0.0020234284063917586
HORVUMOREXr35HG0527170,0.0020228017261251807
HORVUMOREXr35HG0477210,0.002021046917725471
HORVUMOREXr31HG0080890,0.0020177416696606086
HORVUMOREXr33HG0236340,0.002012581584895088
HORVUMOREXr34HG0334440,0.0020120810002845248
HORVUMOREXr32HG0124400,0.0020028273803472984
HORVUMOREXr32HG0138630,0.0020011603057719183
HORVUMOREXr32HG0201890,0.001999360107947723
HORVUMOREXr35HG0506390,0.001997141968276992
HORVUMOREXr34HG0348510,0.0019958515013422584
HORVUMOREXr35HG0426280,0.0019913979383454714
HORVUMOREXr33HG0261880,0.001988155655635637
HORVUMOREXr35HG0502990,0.0019799957436225668
HORVUMOREXr35HG0510500,0.001979174100306409
HORVUMOREXr33HG0279390,0.0019790459759678925
HORVUMOREXr35HG0513000,0.0019748598288424546
HORVUMOREXr31HG0066260,0.001972821964659488
HORVUMOREXr33HG0298170,0.001972774289606605
HORVUMOREXr35HG0512880,0.001970734179485589
HORVUMOREXr35HG0424290,0.0019693418117822147
HORVUMOREXr31HG0071490,0.001960853515411145
HORVUMOREXr35HG0527500,0.0019605132980359485
HORVUMOREXr33HG0251280,0.0019532159738446355
HORVUMOREXr33HG0329000,0.0019519120750555886
HORVUMOREXr34HG0417070,0.00195008152135415
HORVUMOREXr31HG0026030,0.0019468564866838279
HORVUMOREXr35HG0488610,0.0019463955250466824
HORVUMOREXr34HG0400610,0.0019452043157616571
HORVUMOREXr31HG0075570,0.0019400882747868308
HORVUMOREXr32HG0146050,0.0019397534501604241
HORVUMOREXr34HG0415970,0.001939622085992596
HORVUMOREXr33HG0251850,0.0019371159757429269
HORVUMOREXr31HG0044100,0.001935968429024797
HORVUMOREXr34HG0398840,0.0019356605243228842
HORVUMOREXr31HG0042100,0.0019320004189648898
HORVUMOREXr31HG0056630,0.0019308064454526175
HORVUMOREXr34HG0412640,0.001929882580679987
HORVUMOREXr34HG0405870,0.0019212729480204871
HORVUMOREXr32HG0148850,0.0019206781864340883
HORVUMOREXr34HG0370380,0.0019199419557116926
HORVUMOREXr35HG0468000,0.0019179385722054576
HORVUMOREXr33HG0311410,0.001917470512435102
HORVUMOREXr32HG0209810,0.0019165280710421939
HORVUMOREXr31HG0094950,0.0019139868128695526
HORVUMOREXr32HG0211740,0.00191077243493055
HORVUMOREXr35HG0485800,0.00191044632777448
HORVUMOREXr32HG0158760,0.0019095368638227229
HORVUMOREXr34HG0378000,0.0019081841826846357
HORVUMOREXr35HG0494150,0.0019059488554194104
HORVUMOREXr33HG0250180,0.0019041719712868143
HORVUMOREXr34HG0343330,0.001903523844666779
HORVUMOREXr31HG0004880,0.0019034806426498107
HORVUMOREXr32HG0095740,0.0019032399536808953
HORVUMOREXr32HG0187530,0.001897414663399104
HORVUMOREXr36HG0554560,0.0018957285161013714
HORVUMOREXr32HG0167660,0.0018939356405462604
HORVUMOREXr35HG0505460,0.0018888248878647573
HORVUMOREXr31HG0049770,0.00188794040994253
HORVUMOREXr31HG0048800,0.0018868346435920102
HORVUMOREXr35HG0524560,0.001886652355606202
HORVUMOREXr31HG0047720,0.0018858497019391507
HORVUMOREXr32HG0194450,0.0018838431901531294
HORVUMOREXr33HG0255260,0.0018785771563125308
HORVUMOREXr32HG0196010,0.0018785223375016357
HORVUMOREXr36HG0550930,0.001877980217395816
HORVUMOREXr31HG0046520,0.0018750901309249456
HORVUMOREXr36HG0553150,0.0018749591482264804
HORVUMOREXr31HG0064460,0.0018701928212976782
HORVUMOREXr35HG0518960,0.0018695156104513444
HORVUMOREXr35HG0459450,0.001867175408260664
HORVUMOREXr31HG0089160,0.0018668083718512208
HORVUMOREXr33HG0301430,0.0018642357709359202
HORVUMOREXr34HG0408980,0.0018633886930547305
HORVUMOREXr33HG0290100,0.0018618814474939426
HORVUMOREXr35HG0440700,0.00185312329835142
HORVUMOREXr32HG0209970,0.0018523708398970485
HORVUMOREXr35HG0453940,0.0018521568148207733
HORVUMOREXr34HG0402760,0.0018486844330618624
HORVUMOREXr34HG0364570,0.0018486083348761896
HORVUMOREXr35HG0530730,0.001841694490176451
HORVUMOREXr32HG0125300,0.0018395084062649402
HORVUMOREXr33HG0241230,0.0018394920928403735
HORVUMOREXr31HG0095210,0.001836575959196125
HORVUMOREXr31HG0059270,0.0018318710610765265
HORVUMOREXr31HG0047120,0.001831685631950677
HORVUMOREXr35HG0479810,0.001826775024364906
HORVUMOREXr34HG0389610,0.0018258332283585333
HORVUMOREXr35HG0511430,0.0018216370083609945
HORVUMOREXr32HG0178960,0.0018212903229141374
HORVUMOREXr33HG0264990,0.0018192127837755835
HORVUMOREXr31HG0060530,0.0018191215999604536
HORVUMOREXr34HG0416290,0.0018183206586400047
HORVUMOREXr32HG0188220,0.0018169861178466817
HORVUMOREXr33HG0237450,0.0018169191023844177
HORVUMOREXr31HG0024690,0.001814760553729684
HORVUMOREXr31HG0082530,0.0018141382178873755
HORVUMOREXr35HG0537390,0.0018131070318122512
HORVUMOREXr35HG0485950,0.0018129304517788113
HORVUMOREXr31HG0079860,0.0018128068787336814
HORVUMOREXr34HG0417550,0.0018056643645832083
HORVUMOREXr35HG0454080,0.0018035507472086464
HORVUMOREXr35HG0468390,0.0018014697202306707
HORVUMOREXr33HG0229320,0.001799904707022506
HORVUMOREXr34HG0379540,0.0017979396300961525
HORVUMOREXr31HG0092210,0.0017977463616989553
HORVUMOREXr34HG0400880,0.0017967086457065307
HORVUMOREXr32HG0175630,0.0017966053250711412
HORVUMOREXr33HG0232180,0.0017949099239922362
HORVUMOREXr32HG0181510,0.0017940451307367766
HORVUMOREXr35HG0465560,0.001793890934495721
HORVUMOREXr31HG0057540,0.0017927964770206018
HORVUMOREXr34HG0363340,0.0017926837917184458
HORVUMOREXr31HG0094030,0.0017922339908545838
HORVUMOREXr34HG0335800,0.001791308676620247
HORVUMOREXr32HG0176660,0.0017896964876854327
HORVUMOREXr34HG0384370,0.0017869318114753696
HORVUMOREXr34HG0338410,0.0017863937150104903
HORVUMOREXr35HG0505330,0.0017859909834805877
HORVUMOREXr34HG0394930,0.0017859781124570872
HORVUMOREXr35HG0457980,0.0017854762468778062
HORVUMOREXr31HG0029280,0.0017814573219220619
HORVUMOREXr34HG0386480,0.0017808687825572633
HORVUMOREXr31HG0030330,0.0017743805225745746
HORVUMOREXr31HG0076550,0.0017712852914519316
HORVUMOREXr35HG0534540,0.0017708056342962664
HORVUMOREXr33HG0218700,0.0017675480394973419
HORVUMOREXr34HG0379530,0.001767447269830882
HORVUMOREXr36HG0548900,0.0017651991466846083
HORVUMOREXr35HG0519970,0.0017649873375194147
HORVUMOREXr33HG0232860,0.0017627566026931162
HORVUMOREXr32HG0202120,0.0017607101417388548
HORVUMOREXr35HG0504720,0.0017586638270586264
HORVUMOREXr31HG0004210,0.0017553947755004629
HORVUMOREXr31HG0027190,0.0017542518324080447
HORVUMOREXr35HG0474710,0.0017533391098550055
HORVUMOREXr32HG0120050,0.0017496146915073041
HORVUMOREXr32HG0120910,0.0017488189128926023
HORVUMOREXr35HG0513860,0.0017470063510972977
HORVUMOREXr32HG0152110,0.0017453672319379622
HORVUMOREXr34HG0373440,0.0017450644882410415
HORVUMOREXr35HG0527280,0.001745063177368138
HORVUMOREXr32HG0187780,0.0017417796342488146
HORVUMOREXr35HG0520380,0.0017387205135310068
HORVUMOREXr32HG0133220,0.0017365888433960208
HORVUMOREXr34HG0406710,0.00173558834096184
HORVUMOREXr31HG0063000,0.0017350741696475324
HORVUMOREXr35HG0481310,0.0017349200653188745
HORVUMOREXr32HG0125050,0.0017327416627813364
HORVUMOREXr34HG0407540,0.0017320930820142167
HORVUMOREXr34HG0390230,0.0017318953810899983
HORVUMOREXr31HG0060690,0.001731340226760949
HORVUMOREXr32HG0183660,0.0017309415123600046
HORVUMOREXr33HG0312310,0.0017306376089254627
HORVUMOREXr33HG0244050,0.0017304797027918538
HORVUMOREXr32HG0100660,0.0017296307365450047
HORVUMOREXr31HG0047200,0.001728773092618212
HORVUMOREXr34HG0390930,0.0017280694186320035
HORVUMOREXr33HG0262210,0.0017279733206669334
HORVUMOREXr34HG0344110,0.0017265454035805304
HORVUMOREXr32HG0192610,0.0017260115750104888
HORVUMOREXr33HG0266050,0.0017246848226204748
HORVUMOREXr35HG0489720,0.0017234595894024096
HORVUMOREXr31HG0022460,0.001722598612504953
HORVUMOREXr31HG0046920,0.0017210009223708766
HORVUMOREXr31HG0056360,0.0017209170132991857
HORVUMOREXr33HG0261270,0.001720211805877625
HORVUMOREXr34HG0403260,0.0017195010633440687
HORVUMOREXr34HG0370630,0.001716951967046043
HORVUMOREXr35HG0436810,0.0017156149781658314
HORVUMOREXr31HG0032150,0.0017115595225186554
HORVUMOREXr33HG0281220,0.0017086114816538612
HORVUMOREXr35HG0448010,0.0017073508023895557
HORVUMOREXr34HG0340780,0.0017058119581633945
HORVUMOREXr33HG0284010,0.0017055198394518812
HORVUMOREXr35HG0518250,0.0017044601081579458
HORVUMOREXr33HG0301890,0.001702299383805439
HORVUMOREXr32HG0178540,0.0017019631178118288
HORVUMOREXr34HG0415410,0.0017006386409775588
HORVUMOREXr35HG0458220,0.001696026569698006
HORVUMOREXr33HG0271540,0.0016935695460779242
HORVUMOREXr31HG0000050,0.0016929431147582363
HORVUMOREXr32HG0177740,0.0016899061625508694
HORVUMOREXr33HG0260410,0.0016892692184410406
HORVUMOREXr32HG0123790,0.001688029208489752
HORVUMOREXr32HG0099750,0.001684685060386073
HORVUMOREXr32HG0209580,0.0016843142954894575
HORVUMOREXr35HG0510370,0.0016838041724031427
HORVUMOREXr35HG0529410,0.001681294020106634
HORVUMOREXr34HG0369570,0.001681155336473239
HORVUMOREXr35HG0449420,0.0016791400955662539
HORVUMOREXr33HG0248540,0.0016777311574151098
HORVUMOREXr34HG0399220,0.001677720487350598
HORVUMOREXr35HG0495540,0.001675277859030757
HORVUMOREXr31HG0076510,0.0016745482216356323
HORVUMOREXr32HG0108040,0.0016734725936839823
HORVUMOREXr33HG0264930,0.0016726269433274864
HORVUMOREXr34HG0339740,0.0016712041296159442
HORVUMOREXr35HG0516230,0.001670780185231706
HORVUMOREXr33HG0244910,0.001670078966562869
HORVUMOREXr32HG0123080,0.001668145493490556
HORVUMOREXr32HG0204160,0.0016672775655752047
HORVUMOREXr32HG0158890,0.0016670433738909195
HORVUMOREXr31HG0075780,0.0016666535814874805
HORVUMOREXr32HG0113660,0.0016652529523707926
HORVUMOREXr33HG0233610,0.0016609490242262836
HORVUMOREXr33HG0298330,0.00166046894792089
HORVUMOREXr34HG0335000,0.001659714040142717
HORVUMOREXr34HG0406900,0.0016545312552307223
HORVUMOREXr31HG0007600,0.0016542202630080282
HORVUMOREXr31HG0045980,0.001654000841663219
HORVUMOREXr31HG0007840,0.0016519702033519934
HORVUMOREXr32HG0180740,0.001651783426932525
HORVUMOREXr33HG0301030,0.001650942067062715
HORVUMOREXr34HG0354410,0.0016503889895830071
HORVUMOREXr32HG0145850,0.0016503161785658448
HORVUMOREXr35HG0509210,0.0016434120648045791
HORVUMOREXr35HG0450920,0.0016425266594160349
HORVUMOREXr32HG0133550,0.0016422753993902007
HORVUMOREXr35HG0430870,0.0016419083922664867
HORVUMOREXr33HG0226080,0.0016398590615426655
HORVUMOREXr35HG0495100,0.0016380127783850184
HORVUMOREXr35HG0466830,0.0016336892555409578
HORVUMOREXr31HG0086350,0.001633569107452786
HORVUMOREXr32HG0170600,0.001630946717777988
HORVUMOREXr35HG0499630,0.0016291293146787212
HORVUMOREXr33HG0326410,0.0016261972295615124
HORVUMOREXr32HG0216470,0.0016250509627570864
HORVUMOREXr32HG0213560,0.001622874627209967
HORVUMOREXr36HG0557750,0.0016201500729948748
HORVUMOREXr35HG0530510,0.0016169071066542528
HORVUMOREXr33HG0303140,0.0016154254514549394
HORVUMOREXr33HG0311460,0.001612326868562377
HORVUMOREXr34HG0370650,0.0016112396567768883
HORVUMOREXr34HG0378250,0.0016109626556863076
HORVUMOREXr33HG0309530,0.0016104741892195306
HORVUMOREXr35HG0524540,0.0016077654925902606
HORVUMOREXr35HG0443080,0.0016077094312640838
HORVUMOREXr33HG0301390,0.0016067983594257385
HORVUMOREXr31HG0068880,0.0016061499195348006
HORVUMOREXr33HG0225930,0.0016059299008338711
HORVUMOREXr33HG0298850,0.001603581089148065
HORVUMOREXr35HG0515410,0.001601050724493689
HORVUMOREXr35HG0444370,0.001600314158549736
HORVUMOREXr35HG0507110,0.0016001162861357444
HORVUMOREXr35HG0454660,0.0015987636168210884
HORVUMOREXr32HG0121570,0.0015962229350407141
HORVUMOREXr35HG0471920,0.0015946074532985223
HORVUMOREXr33HG0282010,0.0015943601999060775
HORVUMOREXr34HG0340650,0.0015939248798167683
HORVUMOREXr33HG0277910,0.0015937870805646525
HORVUMOREXr31HG0066150,0.0015911338278965558
HORVUMOREXr35HG0529790,0.0015900699085614179
HORVUMOREXr35HG0483810,0.0015874607267141983
HORVUMOREXr35HG0466890,0.0015867085301579209
HORVUMOREXr32HG0190430,0.0015859895554604009
HORVUMOREXr31HG0064900,0.0015857738838622026
HORVUMOREXr33HG0320590,0.0015830341263790614
HORVUMOREXr36HG0541800,0.0015822734657194816
HORVUMOREXr33HG0307530,0.0015797791250952286
HORVUMOREXr34HG0333130,0.001576512671308592
HORVUMOREXr34HG0336970,0.0015755408987752162
HORVUMOREXr32HG0145580,0.0015751107819960452
HORVUMOREXr33HG0327220,0.0015747628822691696
HORVUMOREXr31HG0091610,0.0015742723158473381
HORVUMOREXr33HG0218390,0.0015724076679907739
HORVUMOREXr32HG0134500,0.0015686052179080434
HORVUMOREXr35HG0505710,0.001568485586976749
HORVUMOREXr35HG0424990,0.0015681464622321073
HORVUMOREXr33HG0260580,0.001565188847959007
HORVUMOREXr31HG0089590,0.0015651853783492696
HORVUMOREXr32HG0172990,0.001563196723946021
HORVUMOREXr33HG0235240,0.0015630108054392623
HORVUMOREXr35HG0524280,0.0015626779303420336
HORVUMOREXr32HG0202230,0.0015620410718474886
HORVUMOREXr33HG0291360,0.0015616242946373405
HORVUMOREXr32HG0166260,0.0015612987815984524
HORVUMOREXr31HG0050560,0.0015603660305714584
HORVUMOREXr33HG0288750,0.0015599735105934088
HORVUMOREXr31HG0032260,0.0015586846945507204
HORVUMOREXr32HG0108120,0.0015557728819840123
HORVUMOREXr35HG0469790,0.001553988345513062
HORVUMOREXr33HG0248990,0.0015538620357983745
HORVUMOREXr35HG0443020,0.0015538478086091344
HORVUMOREXr35HG0438700,0.0015536017605336384
HORVUMOREXr35HG0450160,0.0015527624364767689
HORVUMOREXr31HG0025500,0.0015514028299367056
HORVUMOREXr35HG0526960,0.0015494767125346699
HORVUMOREXr32HG0129000,0.001547699206348625
HORVUMOREXr34HG0381820,0.0015471538550991682
HORVUMOREXr35HG0471860,0.0015464773356688966
HORVUMOREXr34HG0397580,0.0015428015460202005
HORVUMOREXr32HG0155140,0.0015417588501986756
HORVUMOREXr32HG0113700,0.001540739136180491
HORVUMOREXr31HG0033540,0.0015405157258646795
HORVUMOREXr31HG0076980,0.0015402737373369747
HORVUMOREXr35HG0420170,0.0015379346924601122
HORVUMOREXr34HG0341250,0.0015377756873112957
HORVUMOREXr32HG0156310,0.0015370383401750586
HORVUMOREXr35HG0511770,0.0015360981265894224
HORVUMOREXr31HG0002590,0.0015356294304910989
HORVUMOREXr34HG0380730,0.0015294952256954275
HORVUMOREXr35HG0486850,0.0015286265298345824
HORVUMOREXr33HG0278400,0.0015278161329661088
HORVUMOREXr31HG0059820,0.001526157361222431
HORVUMOREXr31HG0094770,0.001524231887451606
HORVUMOREXr31HG0068840,0.0015238842574490264
HORVUMOREXr36HG0548060,0.0015233890443778365
HORVUMOREXr34HG0331940,0.0015215591806918382
HORVUMOREXr32HG0152870,0.0015211506254263442
HORVUMOREXr31HG0016370,0.0015190074649945018
HORVUMOREXr33HG0279470,0.0015184713419876062
HORVUMOREXr35HG0493040,0.0015172029995301273
HORVUMOREXr32HG0175220,0.0015131817823203163
HORVUMOREXr32HG0174680,0.0015130072827014374
HORVUMOREXr33HG0255230,0.001510366213042289
HORVUMOREXr34HG0381880,0.001508138745211909
HORVUMOREXr32HG0182320,0.0015078844151867087
HORVUMOREXr33HG0260160,0.0015078235266264529
HORVUMOREXr35HG0454160,0.0015071499594068883
HORVUMOREXr31HG0051670,0.00150674336218799
HORVUMOREXr32HG0177810,0.0015059646902955137
HORVUMOREXr33HG0310930,0.0015055005503381836
HORVUMOREXr31HG0038190,0.0015053645617445
HORVUMOREXr33HG0292830,0.0015050165808315795
HORVUMOREXr34HG0412180,0.001504110622627195
HORVUMOREXr33HG0237640,0.001503949649995775
HORVUMOREXr32HG0169250,0.0015027584101426328
HORVUMOREXr34HG0385690,0.0015021625635563396
HORVUMOREXr33HG0270190,0.0015010469607477717
HORVUMOREXr35HG0474540,0.0015004336309357314
HORVUMOREXr34HG0379290,0.0014995250476931687
HORVUMOREXr31HG0095070,0.0014975875031450413
HORVUMOREXr34HG0369360,0.0014965780420607188
HORVUMOREXr32HG0196120,0.0014949955693737138
HORVUMOREXr33HG0303300,0.001494891093861952
HORVUMOREXr36HG0541940,0.0014933896057482343
HORVUMOREXr31HG0092520,0.0014927730703357155
HORVUMOREXr34HG0355880,0.001492758753374801
HORVUMOREXr32HG0161290,0.0014919310674304143
HORVUMOREXr33HG0249240,0.001491876298096031
HORVUMOREXr34HG0391290,0.0014913354702184734
HORVUMOREXr33HG0310940,0.0014902322823945723
HORVUMOREXr31HG0037180,0.0014892326496783426
HORVUMOREXr31HG0060040,0.0014873574332159478
HORVUMOREXr35HG0480430,0.0014871159078393248
HORVUMOREXr32HG0111620,0.001487071858064155
HORVUMOREXr31HG0067250,0.001485877709246779
HORVUMOREXr31HG0039940,0.0014845985523606942
HORVUMOREXr32HG0196330,0.0014818233104597312
HORVUMOREXr35HG0509380,0.0014810890682565513
HORVUMOREXr32HG0217610,0.0014802907097327988
HORVUMOREXr32HG0151810,0.0014782653038855642
HORVUMOREXr31HG0053700,0.0014782149472011951
HORVUMOREXr33HG0263620,0.0014775306353112683
HORVUMOREXr34HG0401220,0.0014774570115878305
HORVUMOREXr32HG0213550,0.0014756695573305478
HORVUMOREXr34HG0416710,0.0014750949267909163
HORVUMOREXr33HG0279280,0.0014741023758585924
HORVUMOREXr32HG0130950,0.001473915722856418
HORVUMOREXr33HG0259510,0.0014712143392534927
HORVUMOREXr35HG0431720,0.0014708902066922747
HORVUMOREXr34HG0388130,0.00147061618630687
HORVUMOREXr35HG0448610,0.001470477744442178
HORVUMOREXr32HG0120490,0.0014693646564410301
HORVUMOREXr33HG0237090,0.0014689610171603818
HORVUMOREXr32HG0135830,0.0014688529622071656
HORVUMOREXr34HG0342920,0.001467546650528675
HORVUMOREXr35HG0519900,0.0014671795995673165
HORVUMOREXr35HG0501300,0.0014668281367630697
HORVUMOREXr35HG0471840,0.0014662041328119813
HORVUMOREXr32HG0099740,0.001465841005447146
HORVUMOREXr36HG0556720,0.0014647905400124728
HORVUMOREXr35HG0436990,0.0014631523146817927
HORVUMOREXr35HG0446450,0.0014623791804433495
HORVUMOREXr35HG0444920,0.0014617682978860104
HORVUMOREXr34HG0334800,0.001460007549612783
HORVUMOREXr34HG0388400,0.0014597305537608918
HORVUMOREXr33HG0230590,0.0014593478074857557
HORVUMOREXr32HG0119520,0.001459259657676739
HORVUMOREXr32HG0172510,0.001456768621392257
HORVUMOREXr33HG0221100,0.0014564588430221192
HORVUMOREXr34HG0335300,0.001451181029115105
HORVUMOREXr32HG0121700,0.0014502425071259495
HORVUMOREXr34HG0360670,0.0014499291783431545
HORVUMOREXr34HG0386070,0.0014498225699935575
HORVUMOREXr35HG0462130,0.0014491503904719139
HORVUMOREXr31HG0080720,0.0014482171364943496
HORVUMOREXr34HG0339190,0.0014468872660654596
HORVUMOREXr31HG0087450,0.0014455278202513
HORVUMOREXr36HG0558440,0.0014454707370896358
HORVUMOREXr33HG0265690,0.001445299109473126
HORVUMOREXr35HG0465270,0.0014433340536197648
HORVUMOREXr34HG0386000,0.0014429990632197588
HORVUMOREXr33HG0313120,0.0014423268347309203
HORVUMOREXr34HG0335780,0.001441985096580538
HORVUMOREXr32HG0112220,0.0014415972578922264
HORVUMOREXr32HG0187760,0.00143534235559855
HORVUMOREXr32HG0209180,0.0014349305407813518
HORVUMOREXr32HG0141980,0.0014331954712542938
HORVUMOREXr35HG0507380,0.0014330106634588447
HORVUMOREXr34HG0385100,0.0014315616919338937
HORVUMOREXr32HG0204570,0.0014295545292452516
HORVUMOREXr31HG0053900,0.001427860851981677
HORVUMOREXr34HG0350830,0.0014254921768406348
HORVUMOREXr31HG0015170,0.0014247714656630706
HORVUMOREXr34HG0341940,0.0014239927618473302
HORVUMOREXr32HG0100980,0.001423830815419933
HORVUMOREXr34HG0356550,0.0014233036169025582
HORVUMOREXr32HG0202320,0.0014219559828052297
HORVUMOREXr33HG0281110,0.0014200378253008239
HORVUMOREXr35HG0507580,0.0014188577260392777
HORVUMOREXr33HG0308240,0.0014179581727512415
HORVUMOREXr33HG0234000,0.001417228636710206
HORVUMOREXr33HG0246420,0.0014168717121356166
HORVUMOREXr32HG0176870,0.001416264608851634
HORVUMOREXr31HG0093570,0.0014137274959648493
HORVUMOREXr31HG0068810,0.001413140607319292
HORVUMOREXr35HG0477350,0.0014115856472426457
HORVUMOREXr32HG0119730,0.0014109614562767092
HORVUMOREXr34HG0366720,0.0014098952349377214
HORVUMOREXr34HG0368640,0.0014089440443058265
HORVUMOREXr33HG0253190,0.0014086246943043079
HORVUMOREXr33HG0233410,0.0014035475564742228
HORVUMOREXr31HG0017070,0.0014030115920468233
HORVUMOREXr34HG0414960,0.0014027838751826493
HORVUMOREXr31HG0045970,0.0014022984312578046
HORVUMOREXr33HG0312010,0.001402142153820023
HORVUMOREXr32HG0175440,0.0014013254535529996
HORVUMOREXr31HG0024500,0.0014004047146772792
HORVUMOREXr33HG0241770,0.0014000143232351548
HORVUMOREXr36HG0541400,0.0013992157387110638
HORVUMOREXr34HG0346790,0.0013980241906028823
HORVUMOREXr31HG0002130,0.0013968616572856262
HORVUMOREXr33HG0236140,0.00139536583671088
HORVUMOREXr34HG0400410,0.0013949148616666208
HORVUMOREXr32HG0117540,0.0013923629221426381
HORVUMOREXr33HG0309940,0.0013917630208743503
HORVUMOREXr31HG0091680,0.0013900025239854585
HORVUMOREXr33HG0306170,0.0013899676120308869
HORVUMOREXr35HG0433510,0.001389597840970964
HORVUMOREXr35HG0501600,0.001389242366713006
HORVUMOREXr33HG0247680,0.001388014141266467
HORVUMOREXr33HG0323800,0.0013871395334717818
HORVUMOREXr31HG0034230,0.0013868378828192363
HORVUMOREXr31HG0003130,0.0013830017991858768
HORVUMOREXr31HG0065090,0.001381484645535238
HORVUMOREXr35HG0473470,0.001380170941556571
HORVUMOREXr31HG0045490,0.0013789860687393228
HORVUMOREXr33HG0312450,0.0013781379242573167
HORVUMOREXr33HG0327170,0.0013780926025356167
HORVUMOREXr34HG0388980,0.001376859013835201
HORVUMOREXr36HG0550740,0.0013744869530455616
HORVUMOREXr35HG0438830,0.0013744162136572413
HORVUMOREXr34HG0408170,0.0013727980897874658
HORVUMOREXr31HG0026430,0.0013699079477009946
HORVUMOREXr35HG0512540,0.0013689183829410467
HORVUMOREXr33HG0262020,0.0013684206944162725
HORVUMOREXr35HG0535780,0.0013677999409264885
HORVUMOREXr32HG0149060,0.0013664333478664047
HORVUMOREXr31HG0045510,0.001365230402279849
HORVUMOREXr31HG0075890,0.0013651601719175232
HORVUMOREXr35HG0451020,0.001364731882513297
HORVUMOREXr33HG0288360,0.001361941083887359
HORVUMOREXr32HG0115460,0.001361383792200286
HORVUMOREXr31HG0080190,0.00136107887067908
HORVUMOREXr34HG0412040,0.0013609715755956132
HORVUMOREXr32HG0120820,0.001359397886262741
HORVUMOREXr34HG0357220,0.0013583326286607188
HORVUMOREXr35HG0450100,0.0013581797808001283
HORVUMOREXr32HG0153480,0.001356442725909801
HORVUMOREXr34HG0365450,0.0013552314914704767
HORVUMOREXr34HG0348270,0.0013544780028587411
HORVUMOREXr31HG0068100,0.0013503829015462543
HORVUMOREXr33HG0264700,0.001349712555311271
HORVUMOREXr31HG0093060,0.0013425505032864749
HORVUMOREXr31HG0077700,0.0013420773421239573
HORVUMOREXr33HG0286820,0.0013412809150031536
HORVUMOREXr35HG0458010,0.001339655452684383
HORVUMOREXr34HG0367110,0.0013387778840842656
HORVUMOREXr35HG0466320,0.0013386628119951638
HORVUMOREXr32HG0116320,0.0013382717548665823
HORVUMOREXr32HG0192540,0.0013362691890688439
HORVUMOREXr34HG0369610,0.001336140469284146
HORVUMOREXr34HG0380330,0.001335796398234379
HORVUMOREXr31HG0086590,0.0013343325659297988
HORVUMOREXr33HG0289420,0.0013310335728237987
HORVUMOREXr35HG0424270,0.0013304456226615002
HORVUMOREXr33HG0265760,0.0013285947375334217
HORVUMOREXr32HG0158350,0.00132642707467312
HORVUMOREXr31HG0064540,0.0013252902878593887
HORVUMOREXr35HG0480320,0.0013206116869696415
HORVUMOREXr33HG0289180,0.0013204091686202445
HORVUMOREXr31HG0077220,0.0013200054892513436
HORVUMOREXr35HG0448080,0.0013195734465261922
HORVUMOREXr35HG0472220,0.0013186724231491098
HORVUMOREXr32HG0187890,0.0013184790406376124
HORVUMOREXr31HG0056290,0.0013181275653960257
HORVUMOREXr33HG0316960,0.0013175330865487923
HORVUMOREXr35HG0473920,0.0013162699811800848
HORVUMOREXr31HG0063430,0.0013147654052590952
HORVUMOREXr33HG0295590,0.0013122818686770188
HORVUMOREXr35HG0498510,0.001311685701366514
HORVUMOREXr35HG0442050,0.001307106452077278
HORVUMOREXr33HG0245900,0.001306288073610631
HORVUMOREXr32HG0165740,0.0013029304669908016
HORVUMOREXr31HG0084770,0.0012992287685176507
HORVUMOREXr33HG0292280,0.001298422283907712
HORVUMOREXr35HG0530180,0.0012967271322850138
HORVUMOREXr33HG0286640,0.0012959357393629034
HORVUMOREXr31HG0035140,0.0012941212252917467
HORVUMOREXr34HG0385200,0.0012934871844845475
HORVUMOREXr35HG0538040,0.0012922781984161702
HORVUMOREXr34HG0378480,0.0012919167515792651
HORVUMOREXr32HG0213800,0.0012908971704746364
HORVUMOREXr32HG0118000,0.0012908358771346684
HORVUMOREXr33HG0270820,0.001290759638688428
HORVUMOREXr34HG0409910,0.0012903660448614573
HORVUMOREXr33HG0268620,0.0012900811608415096
HORVUMOREXr33HG0245070,0.0012899245371227152
HORVUMOREXr33HG0295830,0.0012895271752495318
HORVUMOREXr32HG0147880,0.001289312468488788
HORVUMOREXr33HG0266920,0.0012882961428840644
HORVUMOREXr31HG0029100,0.0012868051545956406
HORVUMOREXr32HG0105320,0.0012860106271182304
HORVUMOREXr33HG0311730,0.0012854597178738913
HORVUMOREXr33HG0255180,0.0012854541938577312
HORVUMOREXr33HG0303540,0.0012849437768454664
HORVUMOREXr34HG0339640,0.0012847898004110902
HORVUMOREXr31HG0030500,0.001283753945317585
HORVUMOREXr31HG0036370,0.0012829488442002912
HORVUMOREXr31HG0074810,0.001281844871409703
HORVUMOREXr34HG0418770,0.0012814235997393553
HORVUMOREXr33HG0297140,0.0012782863113352506
HORVUMOREXr34HG0336250,0.0012782051174144726
HORVUMOREXr33HG0244360,0.0012755378942438257
HORVUMOREXr35HG0504710,0.001274950073348009
HORVUMOREXr34HG0337060,0.0012746220226108563
HORVUMOREXr35HG0474950,0.0012740899820346385
HORVUMOREXr33HG0247130,0.0012738300245109713
HORVUMOREXr32HG0151430,0.0012728768063243478
HORVUMOREXr35HG0525300,0.0012707466465508332
HORVUMOREXr33HG0228240,0.0012688280320435298
HORVUMOREXr33HG0295880,0.0012679406863935583
HORVUMOREXr34HG0336270,0.0012649662789772265
HORVUMOREXr35HG0527630,0.0012647199259663467
HORVUMOREXr31HG0072410,0.0012641573962173425
HORVUMOREXr35HG0499480,0.0012635427051964144
HORVUMOREXr34HG0384400,0.0012619419037218904
HORVUMOREXr33HG0252610,0.0012615345432641335
HORVUMOREXr33HG0275990,0.0012610815510925022
HORVUMOREXr32HG0145140,0.0012596492051670793
HORVUMOREXr35HG0526850,0.0012596191607144648
HORVUMOREXr31HG0047980,0.001259041862358572
HORVUMOREXr31HG0061420,0.0012583958166942466
HORVUMOREXr33HG0325750,0.0012561417794677255
HORVUMOREXr34HG0331630,0.001255450779281091
HORVUMOREXr34HG0369230,0.001255372376908781
HORVUMOREXr33HG0238250,0.001250077539116319
HORVUMOREXr32HG0188960,0.0012500027657370084
HORVUMOREXr35HG0442640,0.0012496632885449798
HORVUMOREXr35HG0454510,0.0012464688941690838
HORVUMOREXr32HG0169700,0.0012448647398559842
HORVUMOREXr34HG0408030,0.001242464356473647
HORVUMOREXr31HG0078160,0.0012415908818366006
HORVUMOREXr31HG0055460,0.0012384579074569046
HORVUMOREXr33HG0250820,0.001237878321480821
HORVUMOREXr33HG0292700,0.0012355508229779843
HORVUMOREXr36HG0558800,0.0012350374681409449
HORVUMOREXr31HG0000670,0.0012345435388488113
HORVUMOREXr33HG0261530,0.001234183256783581
HORVUMOREXr32HG0218010,0.0012341818743152543
HORVUMOREXr35HG0424900,0.001234005114347383
HORVUMOREXr34HG0400740,0.0012339183846233935
HORVUMOREXr33HG0273250,0.001233740998650319
HORVUMOREXr32HG0209640,0.0012334627956443
HORVUMOREXr36HG0555660,0.0012333351921006398
HORVUMOREXr32HG0202520,0.0012328646789501363
HORVUMOREXr34HG0410200,0.0012324048407253941
HORVUMOREXr33HG0304710,0.001231338481666171
HORVUMOREXr34HG0389860,0.0012307149240223226
HORVUMOREXr35HG0500140,0.001224815635359846
HORVUMOREXr35HG0454190,0.001224443778191926
HORVUMOREXr34HG0338160,0.0012222351980040002
HORVUMOREXr32HG0136770,0.00122158987948751
HORVUMOREXr32HG0120560,0.0012213587076257682
HORVUMOREXr35HG0527680,0.0012200942448544084
HORVUMOREXr32HG0172520,0.0012174384108220692
HORVUMOREXr35HG0510210,0.0012165291310520842
HORVUMOREXr34HG0368010,0.0012164268663764233
HORVUMOREXr34HG0336870,0.0012158696067490382
HORVUMOREXr33HG0221490,0.0012121318218123634
HORVUMOREXr35HG0486770,0.0012120877478446347
HORVUMOREXr34HG0405350,0.0012108892036485485
HORVUMOREXr33HG0228660,0.0012104534448008054
HORVUMOREXr32HG0183300,0.0012097574989456917
HORVUMOREXr31HG0086940,0.0012068039829227929
HORVUMOREXr35HG0501380,0.0012065645244729239
HORVUMOREXr36HG0550800,0.0012062582960970759
HORVUMOREXr35HG0432290,0.0012033537458046339
HORVUMOREXr34HG0398890,0.001203081727207973
HORVUMOREXr33HG0292470,0.0012003367211218573
HORVUMOREXr35HG0450950,0.0011997130112285958
HORVUMOREXr34HG0334880,0.0011995383516477886
HORVUMOREXr31HG0059850,0.0011991738013239228
HORVUMOREXr31HG0043980,0.0011987851476806099
HORVUMOREXr35HG0469690,0.001198529887587938
HORVUMOREXr32HG0211680,0.0011975347863744901
HORVUMOREXr33HG0314740,0.0011966270005905244
HORVUMOREXr33HG0281210,0.0011965229581619497
HORVUMOREXr35HG0531390,0.00119637066633004
HORVUMOREXr32HG0210840,0.001196230519708479
HORVUMOREXr32HG0100860,0.001195297985977959
HORVUMOREXr32HG0145440,0.0011946354011888615
HORVUMOREXr33HG0299810,0.0011943176230124663
HORVUMOREXr35HG0470210,0.0011937963645686977
HORVUMOREXr31HG0035920,0.001193160391312631
HORVUMOREXr34HG0356990,0.001193156627632561
HORVUMOREXr31HG0034380,0.0011905410066538025
HORVUMOREXr31HG0073060,0.0011903494677972049
HORVUMOREXr31HG0080730,0.0011903338766933301
HORVUMOREXr34HG0378760,0.001189862221290241
HORVUMOREXr35HG0519810,0.0011882942834927235
HORVUMOREXr35HG0516650,0.0011882374727792923
HORVUMOREXr31HG0090740,0.0011878248740958951
HORVUMOREXr32HG0140700,0.0011862980353180318
HORVUMOREXr35HG0525310,0.0011849302118935156
HORVUMOREXr33HG0323090,0.0011842609004816041
HORVUMOREXr34HG0386550,0.0011832468569264165
HORVUMOREXr33HG0232920,0.0011818678729468956
HORVUMOREXr32HG0156760,0.0011813160785095534
HORVUMOREXr35HG0463130,0.0011795798806633684
HORVUMOREXr31HG0054790,0.0011776500477571972
HORVUMOREXr32HG0130890,0.0011762770960922354
HORVUMOREXr33HG0330990,0.0011758706116961547
HORVUMOREXr35HG0488620,0.0011755193623366723
HORVUMOREXr33HG0302880,0.0011734906113269972
HORVUMOREXr33HG0301790,0.0011730079231710988
HORVUMOREXr32HG0134710,0.00117146388241963
HORVUMOREXr35HG0509920,0.0011701487339814776
HORVUMOREXr32HG0162580,0.0011697881407781096
HORVUMOREXr31HG0083980,0.0011695443805365357
HORVUMOREXr33HG0296320,0.0011673452656395967
HORVUMOREXr35HG0529140,0.00116729735811532
HORVUMOREXr35HG0462250,0.0011667651076277253
HORVUMOREXr31HG0064770,0.001166618570978244
HORVUMOREXr34HG0340660,0.0011646869734340726
HORVUMOREXr31HG0062450,0.0011627515399413825
HORVUMOREXr36HG0557900,0.0011626480564882512
HORVUMOREXr31HG0055540,0.00116145715554012
HORVUMOREXr35HG0494840,0.001160612890671473
HORVUMOREXr34HG0386940,0.0011597288975463017
HORVUMOREXr32HG0184990,0.001159675306225836
HORVUMOREXr31HG0058780,0.0011582093836523199
HORVUMOREXr35HG0520100,0.0011578720469879046
HORVUMOREXr35HG0448590,0.0011576363893072994
HORVUMOREXr34HG0413890,0.001157585993714747
HORVUMOREXr33HG0303840,0.0011575174888093897
HORVUMOREXr32HG0110160,0.0011561376117606415
HORVUMOREXr33HG0298750,0.0011561190408247058
HORVUMOREXr35HG0465550,0.001155133531174215
HORVUMOREXr35HG0534650,0.001153986941681069
HORVUMOREXr33HG0255690,0.0011537144288558921
HORVUMOREXr31HG0013800,0.0011535286850994453
HORVUMOREXr32HG0127050,0.0011534786397533025
HORVUMOREXr33HG0269070,0.0011509704438503832
HORVUMOREXr36HG0546770,0.0011508507806865965
HORVUMOREXr34HG0408100,0.001149930119572673
HORVUMOREXr33HG0287800,0.001149080500654236
HORVUMOREXr34HG0356780,0.001148042241948133
HORVUMOREXr35HG0497480,0.0011470160216413205
HORVUMOREXr32HG0200740,0.0011468348061316647
HORVUMOREXr34HG0342850,0.0011465081565575018
HORVUMOREXr32HG0168720,0.0011454945106015657
HORVUMOREXr35HG0537440,0.0011446228984641493
HORVUMOREXr35HG0493380,0.0011440714201671654
HORVUMOREXr32HG0194880,0.0011437059062063782
HORVUMOREXr34HG0379260,0.0011426541572018322
HORVUMOREXr33HG0321560,0.001142392391593603
HORVUMOREXr32HG0203060,0.0011414333312495728
HORVUMOREXr32HG0171130,0.0011385747935855762
HORVUMOREXr32HG0111790,0.001137973501754459
HORVUMOREXr32HG0201400,0.0011379562862566673
HORVUMOREXr33HG0219160,0.0011379139279233642
HORVUMOREXr31HG0029060,0.001136972937038081
HORVUMOREXr34HG0375930,0.0011352751400681882
HORVUMOREXr35HG0513170,0.001132907022984
HORVUMOREXr32HG0131830,0.001132905622691851
HORVUMOREXr35HG0458100,0.0011324021652126248
HORVUMOREXr33HG0251550,0.0011323204319705837
HORVUMOREXr33HG0302090,0.0011322840124194044
HORVUMOREXr33HG0226600,0.0011319009620069664
HORVUMOREXr35HG0443560,0.00113136794599086
HORVUMOREXr33HG0303600,0.0011309795200941152
HORVUMOREXr32HG0131310,0.0011307108390610666
HORVUMOREXr31HG0007160,0.0011300517062772996
HORVUMOREXr32HG0197200,0.0011291841011552605
HORVUMOREXr34HG0371810,0.001127601947155199
HORVUMOREXr32HG0124060,0.0011271898020640946
HORVUMOREXr35HG0521960,0.001126759975504683
HORVUMOREXr31HG0010470,0.0011262365813911402
HORVUMOREXr32HG0218020,0.0011262043374881613
HORVUMOREXr32HG0129590,0.0011255380689908633
HORVUMOREXr35HG0521570,0.0011255253219860607
HORVUMOREXr33HG0268180,0.001124710521180532
HORVUMOREXr35HG0458980,0.0011246809487784049
HORVUMOREXr33HG0230160,0.0011242958820366765
HORVUMOREXr35HG0523310,0.001123876866622595
HORVUMOREXr31HG0033350,0.001123290273517341
HORVUMOREXr35HG0447980,0.0011222421320690047
HORVUMOREXr31HG0072820,0.0011212456000066595
HORVUMOREXr34HG0383660,0.0011207467356871348
HORVUMOREXr31HG0049610,0.0011196284198376817
HORVUMOREXr32HG0211040,0.001119043126836914
HORVUMOREXr34HG0352420,0.0011178476699569729
HORVUMOREXr35HG0517090,0.0011167238523921697
HORVUMOREXr34HG0384950,0.0011162876630260144
HORVUMOREXr32HG0142540,0.0011156155051867244
HORVUMOREXr33HG0257680,0.0011144698660791618
HORVUMOREXr35HG0520760,0.0011139985580893353
HORVUMOREXr32HG0158210,0.0011139822128461675
HORVUMOREXr32HG0217920,0.0011133687447727426
HORVUMOREXr35HG0477470,0.001113076810433995
HORVUMOREXr35HG0443300,0.0011121839069892303
HORVUMOREXr35HG0511440,0.0011105109164782335
HORVUMOREXr33HG0231610,0.0011097030548080512
HORVUMOREXr32HG0121760,0.00110816042033548
HORVUMOREXr35HG0473900,0.0011070457893220009
HORVUMOREXr32HG0188290,0.0011055558040970936
HORVUMOREXr31HG0024730,0.0011050324016832747
HORVUMOREXr31HG0007200,0.0011038975851261057
HORVUMOREXr33HG0297850,0.0011038922731677304
HORVUMOREXr32HG0159210,0.0011033933513681404
HORVUMOREXr33HG0235900,0.0011027950666903054
HORVUMOREXr34HG0406300,0.0011013584793090558
HORVUMOREXr33HG0309270,0.001101195759983966
HORVUMOREXr31HG0070110,0.0011003525337764586
HORVUMOREXr34HG0349550,0.0010988823003344806
HORVUMOREXr32HG0133360,0.0010988398241806863
HORVUMOREXr33HG0265560,0.001098290425434243
HORVUMOREXr33HG0283320,0.001095533566767699
HORVUMOREXr33HG0279580,0.0010943538981430833
HORVUMOREXr32HG0195300,0.0010933179210041999
HORVUMOREXr34HG0333650,0.001092312276523444
HORVUMOREXr32HG0165820,0.0010916620441003032
HORVUMOREXr35HG0484550,0.001091658486839151
HORVUMOREXr34HG0390010,0.0010899203356530053
HORVUMOREXr32HG0142850,0.0010895928196259775
HORVUMOREXr32HG0176930,0.0010892127035731392
HORVUMOREXr35HG0492970,0.001086832250803127
HORVUMOREXr35HG0451540,0.0010866807833735947
HORVUMOREXr33HG0263100,0.0010863439004970131
HORVUMOREXr34HG0383910,0.0010861838607661412
HORVUMOREXr33HG0259460,0.0010845630762196378
HORVUMOREXr35HG0532960,0.0010842551825498959
HORVUMOREXr35HG0469820,0.0010837896360590094
HORVUMOREXr32HG0177540,0.0010832102234417107
HORVUMOREXr34HG0339720,0.001083205630093289
HORVUMOREXr35HG0525560,0.001083034335861157
HORVUMOREXr34HG0399680,0.0010826017106955988
HORVUMOREXr34HG0335690,0.0010780164347670507
HORVUMOREXr34HG0336660,0.0010767852924618638
HORVUMOREXr31HG0071620,0.0010745716618293954
HORVUMOREXr32HG0104640,0.0010743459627701667
HORVUMOREXr34HG0411170,0.0010740382626681822
HORVUMOREXr34HG0379380,0.001073308626873768
HORVUMOREXr32HG0128200,0.0010730681775021366
HORVUMOREXr31HG0081100,0.001072625732194865
HORVUMOREXr33HG0296090,0.001069916314781949
HORVUMOREXr31HG0080560,0.0010698168139788322
HORVUMOREXr33HG0254650,0.0010688982930696512
HORVUMOREXr32HG0176860,0.0010687881868943804
HORVUMOREXr34HG0407600,0.0010687592768977084
HORVUMOREXr32HG0135980,0.0010676463329582476
HORVUMOREXr33HG0241350,0.0010662053662781545
HORVUMOREXr31HG0061730,0.001065304776202538
HORVUMOREXr33HG0280130,0.0010649525449844077
HORVUMOREXr32HG0157030,0.0010645706590730697
HORVUMOREXr31HG0041820,0.0010635762687161332
HORVUMOREXr34HG0404980,0.001063159157401401
HORVUMOREXr34HG0334410,0.0010628440545087869
HORVUMOREXr31HG0027180,0.0010624383634421975
HORVUMOREXr34HG0333000,0.0010617663098310005
HORVUMOREXr33HG0288050,0.0010615324746686384
HORVUMOREXr31HG0070100,0.0010613923596974927
HORVUMOREXr35HG0470960,0.0010613731673947769
HORVUMOREXr31HG0012620,0.0010598244038010308
HORVUMOREXr34HG0369710,0.001059702887905587
HORVUMOREXr36HG0541510,0.0010596238592552253
HORVUMOREXr32HG0126860,0.0010582067366340197
HORVUMOREXr33HG0327190,0.001058148113588686
HORVUMOREXr35HG0436490,0.0010576840545854793
HORVUMOREXr31HG0075340,0.0010575020113901702
HORVUMOREXr35HG0454690,0.0010560323968707053
HORVUMOREXr35HG0454390,0.0010550466079075704
HORVUMOREXr31HG0086170,0.0010545281076429092
HORVUMOREXr34HG0402090,0.00105444447894115
HORVUMOREXr31HG0087820,0.0010543975498876535
HORVUMOREXr35HG0474780,0.0010542487814382184
HORVUMOREXr32HG0121610,0.0010537993602338248
HORVUMOREXr35HG0482660,0.0010534155871573603
HORVUMOREXr33HG0314300,0.0010526925762678729
HORVUMOREXr32HG0178810,0.0010523457013232474
HORVUMOREXr35HG0470130,0.0010514429924296563
HORVUMOREXr34HG0380350,0.0010507363870192422
HORVUMOREXr32HG0152370,0.0010505087078627184
HORVUMOREXr35HG0457530,0.001050497372780228
HORVUMOREXr33HG0291750,0.001050474011717597
HORVUMOREXr35HG0532950,0.0010490175335871755
HORVUMOREXr36HG0557970,0.001048884454430663
HORVUMOREXr36HG0554540,0.0010484329390965286
HORVUMOREXr36HG0553900,0.0010484017776616382
HORVUMOREXr32HG0200280,0.0010477261565483786
HORVUMOREXr35HG0509260,0.0010472886633942835
HORVUMOREXr33HG0330960,0.001045813382436336
HORVUMOREXr33HG0272350,0.0010454500482592265
HORVUMOREXr36HG0550950,0.00104326230200968
HORVUMOREXr32HG0205770,0.001041970712103648
HORVUMOREXr35HG0490860,0.0010415339771134313
HORVUMOREXr36HG0549340,0.0010408055344123567
HORVUMOREXr34HG0340920,0.0010391690679898602
HORVUMOREXr35HG0518810,0.0010387167127919384
HORVUMOREXr35HG0510100,0.0010383761630146182
HORVUMOREXr31HG0065550,0.0010381850784324342
HORVUMOREXr35HG0454860,0.0010379166364691628
HORVUMOREXr35HG0483030,0.001035671923382324
HORVUMOREXr31HG0042120,0.001035392106496147
HORVUMOREXr33HG0245890,0.0010351070303295273
HORVUMOREXr31HG0017720,0.0010333775069375406
HORVUMOREXr35HG0537750,0.001033357194810378
HORVUMOREXr33HG0324600,0.0010321454548557086
HORVUMOREXr31HG0000070,0.001031954285408574
HORVUMOREXr31HG0041680,0.001031796616534848
HORVUMOREXr31HG0035690,0.0010303205673699268
HORVUMOREXr33HG0281400,0.001029377735367234
HORVUMOREXr33HG0240980,0.0010287040323964903
HORVUMOREXr35HG0484240,0.0010285389767159358
HORVUMOREXr35HG0493890,0.0010283058873289974
HORVUMOREXr31HG0045440,0.001027184334161575
HORVUMOREXr34HG0407980,0.001026565750944428
HORVUMOREXr33HG0269960,0.001024834807467414
HORVUMOREXr35HG0516520,0.001023758824012475
HORVUMOREXr33HG0303130,0.0010229079244368222
HORVUMOREXr33HG0299090,0.001021584300287941
HORVUMOREXr33HG0296490,0.0010206066319597084
HORVUMOREXr32HG0100320,0.0010188354553974932
HORVUMOREXr35HG0501120,0.0010179208706540522
HORVUMOREXr33HG0301110,0.0010163068077599746
HORVUMOREXr35HG0490320,0.0010162705348193413
HORVUMOREXr31HG0054530,0.0010132460760360119
HORVUMOREXr35HG0463880,0.0010132398628320517
HORVUMOREXr31HG0086000,0.0010125897648777028
HORVUMOREXr32HG0096810,0.0010109760014347558
HORVUMOREXr34HG0385170,0.001010874058410991
HORVUMOREXr32HG0185380,0.0010106654340052046
HORVUMOREXr35HG0451470,0.0010077967539837119
HORVUMOREXr35HG0474290,0.001006080083298002
HORVUMOREXr35HG0443720,0.0010058492165262577
HORVUMOREXr31HG0049980,0.0010056804507621564
HORVUMOREXr31HG0039730,0.0010049005998007488
HORVUMOREXr32HG0126760,0.0010044837379018644
HORVUMOREXr32HG0154040,0.0010036280599160818
HORVUMOREXr35HG0477140,0.0010031368117961392
HORVUMOREXr35HG0476690,0.0010019637265031634
HORVUMOREXr33HG0299250,0.0010001548608852317
HORVUMOREXr33HG0303530,0.0009999408030489576
HORVUMOREXr32HG0208830,0.0009990325643593678
HORVUMOREXr36HG0553110,0.000998844540445134
HORVUMOREXr32HG0174930,0.0009979576375008037
HORVUMOREXr33HG0250610,0.0009978611028782325
HORVUMOREXr32HG0148060,0.0009976320242276416
HORVUMOREXr32HG0097390,0.0009972834839572897
HORVUMOREXr32HG0176990,0.0009953308682815987
HORVUMOREXr34HG0347270,0.0009949493567546596
HORVUMOREXr31HG0047590,0.0009940084277332063
HORVUMOREXr32HG0141530,0.0009929264218953905
HORVUMOREXr33HG0264740,0.000992499646890792
HORVUMOREXr35HG0537470,0.000991835250351869
HORVUMOREXr31HG0050850,0.000990721529451548
HORVUMOREXr32HG0173720,0.0009904403341465696
HORVUMOREXr35HG0517450,0.000989186408878595
HORVUMOREXr33HG0268810,0.0009891290987434332
HORVUMOREXr31HG0025440,0.0009866460512694174
HORVUMOREXr34HG0393970,0.0009825466494635293
HORVUMOREXr35HG0525700,0.0009813807319733314
HORVUMOREXr34HG0380430,0.0009809543184746872
HORVUMOREXr33HG0289340,0.0009792612938326784
HORVUMOREXr34HG0335150,0.0009774936882604379
HORVUMOREXr35HG0512550,0.0009764686815833556
HORVUMOREXr31HG0000110,0.0009746994261149666
HORVUMOREXr31HG0093310,0.0009744366757024636
HORVUMOREXr32HG0101230,0.0009739750427138461
HORVUMOREXr35HG0447780,0.0009734988063428319
HORVUMOREXr31HG0069290,0.0009723842782614156
HORVUMOREXr33HG0292080,0.0009723552985269634
HORVUMOREXr34HG0411750,0.0009722667874302715
HORVUMOREXr32HG0213660,0.000971403401781572
HORVUMOREXr33HG0309220,0.0009703891757635575
HORVUMOREXr33HG0250860,0.0009689700812305091
HORVUMOREXr31HG0034700,0.0009685283405997325
HORVUMOREXr31HG0077250,0.0009658266794576775
HORVUMOREXr33HG0301920,0.0009657451313250931
HORVUMOREXr33HG0230860,0.0009652892638587218
HORVUMOREXr35HG0511450,0.0009647334232067806
HORVUMOREXr35HG0499760,0.0009643819856955815
HORVUMOREXr33HG0282820,0.0009643287437211257
HORVUMOREXr34HG0333380,0.0009631936508230865
HORVUMOREXr32HG0100900,0.0009629357582889497
HORVUMOREXr33HG0236900,0.0009606874740802595
HORVUMOREXr34HG0365520,0.0009600617854175653
HORVUMOREXr31HG0013220,0.0009588482274011767
HORVUMOREXr32HG0205740,0.0009570921886188444
HORVUMOREXr35HG0419880,0.0009560993786726612
HORVUMOREXr35HG0509090,0.0009560507464811963
HORVUMOREXr33HG0314470,0.0009555575270678673
HORVUMOREXr35HG0534390,0.0009544608336727833
HORVUMOREXr32HG0111610,0.0009543386044242652
HORVUMOREXr32HG0174820,0.0009539175251666166
HORVUMOREXr33HG0231430,0.0009530354052549228
HORVUMOREXr35HG0463110,0.0009528350620530546
HORVUMOREXr33HG0254070,0.0009520867646688202
HORVUMOREXr35HG0428850,0.0009507674826454604
HORVUMOREXr32HG0210690,0.0009506172445981065
HORVUMOREXr35HG0537450,0.0009502956577853183
HORVUMOREXr32HG0142490,0.0009489748612395488
HORVUMOREXr34HG0341640,0.0009486587953870185
HORVUMOREXr35HG0463720,0.0009476937556974008
HORVUMOREXr35HG0452870,0.0009474634808066184
HORVUMOREXr33HG0272690,0.0009462314225311275
HORVUMOREXr31HG0071630,0.0009456449551362311
HORVUMOREXr33HG0326240,0.0009454943466698751
HORVUMOREXr36HG0543110,0.0009454473544610664
HORVUMOREXr34HG0341030,0.0009452999298810027
HORVUMOREXr35HG0446900,0.0009450292255860404
HORVUMOREXr31HG0078750,0.0009449847304495052
HORVUMOREXr36HG0541250,0.0009439767391722854
HORVUMOREXr33HG0324830,0.0009432309713884024
HORVUMOREXr32HG0190650,0.0009401613183581503
HORVUMOREXr33HG0309540,0.0009382762356108287
HORVUMOREXr33HG0289910,0.0009382342028175117
HORVUMOREXr33HG0268220,0.0009375541797635379
HORVUMOREXr35HG0468350,0.0009374229270906653
HORVUMOREXr34HG0345610,0.0009372825054742861
HORVUMOREXr33HG0250210,0.0009369291296752636
HORVUMOREXr34HG0410790,0.0009364555848878808
HORVUMOREXr32HG0208270,0.0009358175803208723
HORVUMOREXr32HG0134870,0.0009355676508857869
HORVUMOREXr33HG0265800,0.0009355300681636436
HORVUMOREXr34HG0359330,0.0009344527319808548
HORVUMOREXr32HG0099020,0.0009336794435330375
HORVUMOREXr32HG0130510,0.0009329770179283514
HORVUMOREXr32HG0163780,0.0009328762018412818
HORVUMOREXr33HG0295680,0.000931917872003396
HORVUMOREXr34HG0388430,0.0009316345174374874
HORVUMOREXr35HG0537180,0.0009316009138501613
HORVUMOREXr31HG0067230,0.000931374006322585
HORVUMOREXr33HG0326230,0.0009312633812078274
HORVUMOREXr32HG0144810,0.0009307813341729343
HORVUMOREXr33HG0303960,0.0009307156218710588
HORVUMOREXr31HG0052970,0.0009291575589304557
HORVUMOREXr31HG0068710,0.0009280491914250888
HORVUMOREXr34HG0354730,0.0009253537598215189
HORVUMOREXr34HG0347490,0.0009238148749363972
HORVUMOREXr35HG0477410,0.0009216783386364113
HORVUMOREXr33HG0232410,0.0009202398752495355
HORVUMOREXr35HG0426290,0.0009200770450398466
HORVUMOREXr35HG0437440,0.0009200582254925393
HORVUMOREXr35HG0491750,0.0009193898553530743
HORVUMOREXr32HG0129200,0.0009191967779588595
HORVUMOREXr32HG0180500,0.000919123243093054
HORVUMOREXr32HG0195970,0.0009190551541541935
HORVUMOREXr35HG0472530,0.0009186537269852124
HORVUMOREXr32HG0112920,0.0009180715891852743
HORVUMOREXr34HG0342160,0.0009179395798219048
HORVUMOREXr33HG0312140,0.0009175334297469817
HORVUMOREXr31HG0032760,0.0009164630381565075
HORVUMOREXr35HG0444890,0.0009160131908720359
HORVUMOREXr32HG0178690,0.0009146775343106128
HORVUMOREXr35HG0526330,0.0009124240891378577
HORVUMOREXr33HG0274910,0.000911838293322944
HORVUMOREXr33HG0230560,0.0009117750794757739
HORVUMOREXr34HG0379640,0.0009105450645347446
HORVUMOREXr32HG0193880,0.0009105241305223899
HORVUMOREXr35HG0506300,0.0009102026721052425
HORVUMOREXr32HG0181840,0.000909737159404358
HORVUMOREXr31HG0080160,0.0009063729529407283
HORVUMOREXr35HG0506720,0.0009055084762439946
HORVUMOREXr31HG0079130,0.000905415184533922
HORVUMOREXr31HG0053270,0.0009048150005401113
HORVUMOREXr32HG0185540,0.0009041519930815411
HORVUMOREXr31HG0022450,0.0009036834741709753
HORVUMOREXr34HG0381460,0.0009027975157368929
HORVUMOREXr33HG0300340,0.0009021081668470288
HORVUMOREXr35HG0445500,0.0009020698742642708
HORVUMOREXr31HG0001130,0.0009020342977419204
HORVUMOREXr33HG0251480,0.0009010341556859203
HORVUMOREXr32HG0207010,0.0008998657000938693
HORVUMOREXr34HG0380920,0.000898092546776752
HORVUMOREXr34HG0383820,0.0008980661543455426
HORVUMOREXr35HG0506100,0.000897307554296276
HORVUMOREXr32HG0170810,0.0008969988988246769
HORVUMOREXr31HG0057430,0.0008961222152720439
HORVUMOREXr35HG0444270,0.0008957980369814322
HORVUMOREXr31HG0050860,0.0008957768083928386
HORVUMOREXr35HG0440530,0.0008955240204522852
HORVUMOREXr31HG0077640,0.0008953385797940427
HORVUMOREXr31HG0022070,0.0008944353487459011
HORVUMOREXr34HG0370030,0.0008938492490779027
HORVUMOREXr35HG0507820,0.0008933803766922211
HORVUMOREXr34HG0353220,0.0008933737667393871
HORVUMOREXr33HG0251300,0.000892761074428563
HORVUMOREXr32HG0109530,0.000891876255459465
HORVUMOREXr32HG0121110,0.000890040110971313
HORVUMOREXr31HG0046280,0.000889609287660278
HORVUMOREXr35HG0494320,0.0008889976047066739
HORVUMOREXr35HG0519420,0.0008876144881287473
HORVUMOREXr33HG0304660,0.0008866344218404265
HORVUMOREXr32HG0180320,0.0008858731816144427
HORVUMOREXr34HG0396700,0.0008855876105917559
HORVUMOREXr33HG0307870,0.0008849184992504888
HORVUMOREXr34HG0346180,0.0008844420246896334
HORVUMOREXr32HG0217500,0.000883710350972251
HORVUMOREXr34HG0334560,0.000883619082505902
HORVUMOREXr34HG0352300,0.0008830148363995249
HORVUMOREXr34HG0376000,0.000882951599851367
HORVUMOREXr35HG0464460,0.0008829297156989923
HORVUMOREXr36HG0545830,0.0008820618370373268
HORVUMOREXr32HG0145500,0.0008817533792716859
HORVUMOREXr34HG0375490,0.0008814144898747145
HORVUMOREXr32HG0191300,0.0008793892199537367
HORVUMOREXr34HG0337460,0.0008776300528916181
HORVUMOREXr34HG0401930,0.0008771020876974944
HORVUMOREXr36HG0557340,0.0008769530279096216
HORVUMOREXr34HG0338300,0.0008764270651590777
HORVUMOREXr31HG0088870,0.0008761587335675359
HORVUMOREXr32HG0183870,0.000876001725991955
HORVUMOREXr31HG0063350,0.0008752715955779422
HORVUMOREXr32HG0163050,0.000874596086468955
HORVUMOREXr31HG0008520,0.0008743666920781834
HORVUMOREXr34HG0366000,0.0008743619927554391
HORVUMOREXr31HG0029140,0.0008717793691903352
HORVUMOREXr32HG0101080,0.0008702040842035785
HORVUMOREXr34HG0349090,0.0008697531948564574
HORVUMOREXr34HG0389130,0.0008697094806120731
HORVUMOREXr34HG0352020,0.0008695112196437549
HORVUMOREXr31HG0053680,0.0008692998389597051
HORVUMOREXr35HG0509170,0.0008687584441213403
HORVUMOREXr31HG0032160,0.0008684975719370413
HORVUMOREXr31HG0044770,0.0008681211282782897
HORVUMOREXr31HG0075370,0.0008674057067401008
HORVUMOREXr32HG0133650,0.0008669997653305472
HORVUMOREXr32HG0169570,0.0008662631892002537
HORVUMOREXr33HG0282120,0.0008659595301287481
HORVUMOREXr35HG0442800,0.0008632454869439243
HORVUMOREXr36HG0542720,0.000863011156252469
HORVUMOREXr31HG0048100,0.0008617790781681833
HORVUMOREXr34HG0333770,0.0008603684268018697
HORVUMOREXr32HG0154000,0.0008600338187716261
HORVUMOREXr35HG0526940,0.0008598506805719808
HORVUMOREXr35HG0466820,0.000859330055591272
HORVUMOREXr31HG0052290,0.0008578282791495439
HORVUMOREXr35HG0516480,0.0008576297907166009
HORVUMOREXr33HG0293400,0.0008572846813331126
HORVUMOREXr34HG0352140,0.0008571417950042814
HORVUMOREXr34HG0403700,0.0008565288280351524
HORVUMOREXr33HG0262290,0.0008561809913226171
HORVUMOREXr33HG0226800,0.0008547766303217941
HORVUMOREXr36HG0559130,0.0008536019547318574
HORVUMOREXr34HG0383740,0.0008534307470836211
HORVUMOREXr35HG0520110,0.0008532014122101827
HORVUMOREXr32HG0198340,0.0008530395909838262
HORVUMOREXr33HG0231330,0.0008524027900421061
HORVUMOREXr32HG0132510,0.0008518450330302585
HORVUMOREXr36HG0559400,0.0008516057021915913
HORVUMOREXr32HG0203800,0.000851260889085097
HORVUMOREXr34HG0338630,0.0008502517756642192
HORVUMOREXr32HG0215180,0.0008495824896999693
HORVUMOREXr34HG0401530,0.0008490007197906379
HORVUMOREXr34HG0389620,0.0008486855868250131
HORVUMOREXr34HG0337960,0.0008479008064023219
HORVUMOREXr32HG0131100,0.0008477039042190882
HORVUMOREXr32HG0207660,0.000846889714102872
HORVUMOREXr34HG0407130,0.0008467976419888146
HORVUMOREXr33HG0305820,0.0008466549460717942
HORVUMOREXr31HG0088600,0.0008461695408186643
HORVUMOREXr34HG0390140,0.0008461332726437831
HORVUMOREXr33HG0281100,0.0008456478287240543
HORVUMOREXr31HG0035540,0.0008454014791641385
HORVUMOREXr34HG0401500,0.0008453220044611953
HORVUMOREXr35HG0469390,0.0008443988063800134
HORVUMOREXr32HG0124640,0.0008427449021110078
HORVUMOREXr36HG0549040,0.0008426139169750969
HORVUMOREXr31HG0053300,0.0008405513625484673
HORVUMOREXr31HG0053920,0.0008405465587202343
HORVUMOREXr34HG0359590,0.0008403774987345969
HORVUMOREXr33HG0297100,0.0008394681303980178
HORVUMOREXr32HG0107070,0.0008390394161415316
HORVUMOREXr34HG0346770,0.0008388507684867363
HORVUMOREXr32HG0203400,0.0008383259092806838
HORVUMOREXr33HG0289610,0.0008375499146495713
HORVUMOREXr31HG0014430,0.0008368563662907036
HORVUMOREXr31HG0063050,0.000836002571741119
HORVUMOREXr32HG0211730,0.0008359387587188394
HORVUMOREXr32HG0111580,0.0008359188336180524
HORVUMOREXr32HG0148240,0.0008356190488848369
HORVUMOREXr33HG0279310,0.0008352255518911989
HORVUMOREXr35HG0456970,0.0008350350943328522
HORVUMOREXr34HG0333810,0.0008349676391662797
HORVUMOREXr32HG0174560,0.0008349263319541933
HORVUMOREXr35HG0486070,0.0008340878303715727
HORVUMOREXr36HG0556710,0.000832489595595689
HORVUMOREXr33HG0234800,0.0008319726003537653
HORVUMOREXr32HG0132250,0.000830219874796967
HORVUMOREXr32HG0189710,0.0008302058123626921
HORVUMOREXr32HG0179570,0.0008299483457358292
HORVUMOREXr33HG0266740,0.0008297967959849473
HORVUMOREXr33HG0234660,0.0008296006484306418
HORVUMOREXr36HG0549780,0.0008295411120343487
HORVUMOREXr32HG0147770,0.0008285230709589086
HORVUMOREXr32HG0216500,0.0008282970587606542
HORVUMOREXr33HG0237110,0.0008281837490358157
HORVUMOREXr33HG0273330,0.0008269713856861926
HORVUMOREXr33HG0294980,0.0008267734351102263
HORVUMOREXr33HG0242870,0.0008265085921993887
HORVUMOREXr33HG0328410,0.0008255276996351312
HORVUMOREXr33HG0241820,0.0008246451622107997
HORVUMOREXr33HG0280700,0.0008239491220956552
HORVUMOREXr33HG0280610,0.0008237478749833826
HORVUMOREXr35HG0500100,0.0008228526617767785
HORVUMOREXr32HG0186780,0.0008220525465731044
HORVUMOREXr31HG0089130,0.0008219289477347047
HORVUMOREXr31HG0046290,0.0008218662970830337
HORVUMOREXr31HG0025980,0.0008209169414476491
HORVUMOREXr34HG0410630,0.0008208734267827821
HORVUMOREXr31HG0023950,0.0008203896633494878
HORVUMOREXr33HG0267510,0.000819703180380884
HORVUMOREXr31HG0081460,0.0008192416796373436
HORVUMOREXr34HG0406180,0.0008183901695156238
HORVUMOREXr33HG0239920,0.0008181485799286747
HORVUMOREXr35HG0443340,0.0008178254045833456
HORVUMOREXr33HG0288930,0.0008177796189193032
HORVUMOREXr35HG0495940,0.0008177784270810662
HORVUMOREXr33HG0234470,0.0008173501041710551
HORVUMOREXr32HG0105180,0.0008168186290095036
HORVUMOREXr33HG0290920,0.000815990038900054
HORVUMOREXr32HG0192180,0.0008149703026083443
HORVUMOREXr33HG0273210,0.0008110517804016126
HORVUMOREXr32HG0172770,0.0008081406055498519
HORVUMOREXr34HG0417040,0.000806736276990705
HORVUMOREXr35HG0456050,0.000806267698726515
HORVUMOREXr34HG0397640,0.00080532054127616
HORVUMOREXr35HG0469800,0.0008051801189139951
HORVUMOREXr33HG0299570,0.0008043829919915879
HORVUMOREXr34HG0402400,0.0008041948232676077
HORVUMOREXr35HG0534180,0.0008039691953308647
HORVUMOREXr32HG0179650,0.0008031176641816273
HORVUMOREXr36HG0554680,0.0008023425192641298
HORVUMOREXr34HG0334870,0.0008021080504477141
HORVUMOREXr35HG0427110,0.0008019638671237317
HORVUMOREXr34HG0416620,0.0008004018816791358
HORVUMOREXr32HG0136090,0.000799707725745975
HORVUMOREXr31HG0024910,0.0007986639635191751
HORVUMOREXr32HG0217620,0.0007984506519278511
HORVUMOREXr34HG0387300,0.0007983235155188595
HORVUMOREXr31HG0067040,0.0007981167349862517
HORVUMOREXr32HG0201180,0.0007974501303397119
HORVUMOREXr34HG0408550,0.0007971677945857891
HORVUMOREXr32HG0143380,0.0007960086751700146
HORVUMOREXr33HG0256150,0.0007946552086923475
HORVUMOREXr35HG0475650,0.00079418649953368
HORVUMOREXr36HG0552970,0.0007939398300732136
HORVUMOREXr35HG0492750,0.0007937325162129127
HORVUMOREXr35HG0490680,0.0007931756992184091
HORVUMOREXr32HG0104500,0.000791248979530792
HORVUMOREXr34HG0337500,0.0007912094148559845
HORVUMOREXr32HG0159310,0.0007891521266719792
HORVUMOREXr35HG0474920,0.0007885840195558558
HORVUMOREXr33HG0242950,0.0007880375269633077
HORVUMOREXr31HG0069780,0.0007877616811038024
HORVUMOREXr36HG0559160,0.0007866268952784595
HORVUMOREXr34HG0393110,0.0007863162061585171
HORVUMOREXr35HG0466870,0.0007862016445142217
HORVUMOREXr33HG0284060,0.0007857247072388418
HORVUMOREXr35HG0419530,0.000785161373723895
HORVUMOREXr32HG0126090,0.0007844839856807084
HORVUMOREXr35HG0530970,0.0007843979150584346
HORVUMOREXr32HG0188210,0.0007839978003812575
HORVUMOREXr33HG0257590,0.0007838999530213187
HORVUMOREXr32HG0109970,0.0007835910857545514
HORVUMOREXr31HG0079800,0.0007826493615721119
HORVUMOREXr32HG0119560,0.0007825512638919463
HORVUMOREXr33HG0272240,0.0007814380515810626
HORVUMOREXr34HG0368830,0.0007792273656377802
HORVUMOREXr32HG0115800,0.0007788838946817123
HORVUMOREXr32HG0195950,0.0007785092574704322
HORVUMOREXr31HG0082030,0.0007784901089326013
HORVUMOREXr35HG0523960,0.0007763147660443793
HORVUMOREXr33HG0267790,0.0007743867342560407
HORVUMOREXr32HG0169360,0.0007734169026934978
HORVUMOREXr31HG0057610,0.000772158348463563
HORVUMOREXr31HG0037770,0.000772050788764318
HORVUMOREXr34HG0347050,0.0007682182070129784
HORVUMOREXr33HG0291790,0.0007677289462299086
HORVUMOREXr33HG0301530,0.0007645803370542126
HORVUMOREXr32HG0132860,0.0007640110395732336
HORVUMOREXr34HG0395710,0.000763484018998497
HORVUMOREXr33HG0249960,0.0007634076178283067
HORVUMOREXr33HG0245480,0.0007631987773311266
HORVUMOREXr33HG0248000,0.0007631927114107384
HORVUMOREXr35HG0450670,0.0007630946331300948
HORVUMOREXr34HG0385190,0.0007626739361148794
HORVUMOREXr34HG0410900,0.0007611417593125225
HORVUMOREXr32HG0172560,0.0007604166740202345
HORVUMOREXr36HG0544420,0.0007596580369863659
HORVUMOREXr35HG0458500,0.000758590717887273
HORVUMOREXr32HG0214770,0.00075830267602214
HORVUMOREXr33HG0308970,0.0007579815761664577
HORVUMOREXr33HG0316070,0.0007579148098648147
HORVUMOREXr33HG0267150,0.0007556004195430433
HORVUMOREXr35HG0459660,0.0007541104932352028
HORVUMOREXr31HG0044700,0.0007540812452498358
HORVUMOREXr35HG0526580,0.0007532762698610895
HORVUMOREXr35HG0523000,0.0007520471746829572
HORVUMOREXr34HG0408210,0.0007514626236297772
HORVUMOREXr33HG0310550,0.0007500420140422648
HORVUMOREXr35HG0499440,0.0007496611857641255
HORVUMOREXr35HG0465530,0.0007478383615693928
HORVUMOREXr35HG0454320,0.0007475646822422277
HORVUMOREXr34HG0349310,0.0007469325069178012
HORVUMOREXr31HG0058720,0.000746633224262041
HORVUMOREXr33HG0231460,0.0007437444760716971
HORVUMOREXr32HG0200640,0.0007434929623798325
HORVUMOREXr33HG0299450,0.0007434284549708536
HORVUMOREXr32HG0172320,0.0007429863933066372
HORVUMOREXr31HG0050630,0.0007421545252873329
HORVUMOREXr35HG0535920,0.0007412152736651479
HORVUMOREXr32HG0144110,0.0007410678591259057
HORVUMOREXr32HG0155540,0.0007406887014076346
HORVUMOREXr32HG0193910,0.0007388023941894062
HORVUMOREXr33HG0284050,0.0007387538040347863
HORVUMOREXr34HG0410390,0.0007382444500944984
HORVUMOREXr31HG0029240,0.0007380246347383945
HORVUMOREXr34HG0405080,0.0007350014249459491
HORVUMOREXr31HG0037780,0.0007348084231489339
HORVUMOREXr31HG0029900,0.0007337834555073641
HORVUMOREXr35HG0473000,0.000732003865778097
HORVUMOREXr31HG0069390,0.00073180692466849
HORVUMOREXr35HG0475960,0.0007303576080448693
HORVUMOREXr35HG0514130,0.0007301686992468603
HORVUMOREXr31HG0047580,0.0007298277463269187
HORVUMOREXr33HG0290880,0.0007288240493653575
HORVUMOREXr31HG0057410,0.0007273239471032866
HORVUMOREXr33HG0248640,0.0007264478363879334
HORVUMOREXr36HG0555970,0.0007258128452303935
HORVUMOREXr32HG0105670,0.0007256606634473428
HORVUMOREXr33HG0325100,0.0007254946222110448
HORVUMOREXr34HG0345340,0.0007244540013925871
HORVUMOREXr33HG0291600,0.0007232856019254541
HORVUMOREXr34HG0364490,0.0007226753784743778
HORVUMOREXr34HG0352340,0.0007219501519284677
HORVUMOREXr34HG0336600,0.0007201673607187331
HORVUMOREXr35HG0480580,0.0007194820000768231
HORVUMOREXr34HG0370950,0.0007182171289332473
HORVUMOREXr32HG0104090,0.0007179473805922498
HORVUMOREXr33HG0300440,0.0007163374258561816
HORVUMOREXr32HG0124810,0.0007163255528848822
HORVUMOREXr32HG0206920,0.0007163104116716568
HORVUMOREXr33HG0323480,0.0007137544001579954
HORVUMOREXr36HG0551440,0.0007137128653994296
HORVUMOREXr33HG0239310,0.0007128411681878787
HORVUMOREXr32HG0190400,0.0007127326207955775
HORVUMOREXr36HG0558840,0.0007126153745048214
HORVUMOREXr32HG0191220,0.0007118731160880998
HORVUMOREXr31HG0036770,0.0007114339396412106
HORVUMOREXr35HG0441660,0.000710754639330844
HORVUMOREXr31HG0086730,0.0007089358268012802
HORVUMOREXr33HG0330870,0.0007088413651217707
HORVUMOREXr35HG0531060,0.000708786139748554
HORVUMOREXr36HG0555810,0.0007087182046507224
HORVUMOREXr33HG0294260,0.0007083305320657019
HORVUMOREXr32HG0157090,0.000708317859816816
HORVUMOREXr32HG0198750,0.0007079610663186031
HORVUMOREXr32HG0120030,0.0007066295504135667
HORVUMOREXr33HG0225020,0.000706386937708885
HORVUMOREXr34HG0347020,0.0007061207845163154
HORVUMOREXr35HG0447110,0.000705975763121387
HORVUMOREXr32HG0098410,0.0007046197097952245
HORVUMOREXr33HG0260530,0.0007039955287473276
HORVUMOREXr35HG0479120,0.0007030765079252887
HORVUMOREXr34HG0333800,0.0007023051713622408
HORVUMOREXr36HG0540670,0.0007017266799812205
HORVUMOREXr32HG0102600,0.0007012705511442619
HORVUMOREXr31HG0039960,0.000698392486810917
HORVUMOREXr32HG0145970,0.0006965610821043811
HORVUMOREXr35HG0452860,0.0006964041982428171
HORVUMOREXr35HG0472960,0.0006958536146703409
HORVUMOREXr33HG0309520,0.0006953022552625043
HORVUMOREXr31HG0084360,0.0006947172735817731
HORVUMOREXr33HG0224160,0.0006934976651041324
HORVUMOREXr34HG0344820,0.0006933239894715371
HORVUMOREXr34HG0419440,0.0006930789452144382
HORVUMOREXr35HG0533380,0.0006926778015262336
HORVUMOREXr31HG0065530,0.0006914276657698792
HORVUMOREXr32HG0209450,0.0006908103487876361
HORVUMOREXr35HG0430500,0.00068765129923122
HORVUMOREXr33HG0278630,0.0006872399125131778
HORVUMOREXr32HG0178620,0.0006869634092254273
HORVUMOREXr31HG0036400,0.0006866332340405279
HORVUMOREXr34HG0359890,0.0006857107197720324
HORVUMOREXr31HG0058910,0.0006836762564489618
HORVUMOREXr31HG0029730,0.0006836444627305837
HORVUMOREXr33HG0263860,0.000682357227360626
HORVUMOREXr32HG0154580,0.0006822184446809843
HORVUMOREXr31HG0077270,0.0006794701807120873
HORVUMOREXr31HG0024900,0.0006788315192898153
HORVUMOREXr31HG0026240,0.0006785843581019435
HORVUMOREXr32HG0162070,0.0006782304120133631
HORVUMOREXr31HG0030590,0.0006751613323467609
HORVUMOREXr32HG0166760,0.0006734950197278522
HORVUMOREXr35HG0522410,0.0006731273018669981
HORVUMOREXr31HG0065900,0.0006731172234503901
HORVUMOREXr32HG0124930,0.0006721623582052416
HORVUMOREXr35HG0446340,0.0006718565053782299
HORVUMOREXr35HG0479980,0.0006711172556060774
HORVUMOREXr33HG0286290,0.000671032320606173
HORVUMOREXr35HG0495900,0.0006696381037465927
HORVUMOREXr32HG0205830,0.0006690066417354501
HORVUMOREXr32HG0179460,0.0006679241444726359
HORVUMOREXr35HG0524070,0.0006674745236523449
HORVUMOREXr32HG0157530,0.0006674136986146096
HORVUMOREXr31HG0042740,0.0006656680074411269
HORVUMOREXr32HG0095610,0.0006640944288457718
HORVUMOREXr31HG0039670,0.0006639781442709136
HORVUMOREXr35HG0474800,0.0006602517711053224
HORVUMOREXr32HG0140090,0.0006590377796260327
HORVUMOREXr31HG0039190,0.0006589195429233996
HORVUMOREXr35HG0473180,0.0006587469648729893
HORVUMOREXr32HG0171590,0.0006562083438620903
HORVUMOREXr33HG0297560,0.0006557787351357547
HORVUMOREXr31HG0058680,0.0006548238922187011
HORVUMOREXr32HG0193070,0.0006539629982671613
HORVUMOREXr33HG0241630,0.0006526851651233301
HORVUMOREXr35HG0493070,0.0006515610897895385
HORVUMOREXr35HG0473950,0.0006514908971166733
HORVUMOREXr35HG0453730,0.0006506354559860483
HORVUMOREXr34HG0360060,0.0006502529175986638
HORVUMOREXr31HG0056750,0.0006487275171093643
HORVUMOREXr32HG0151540,0.0006482125103502767
HORVUMOREXr31HG0021240,0.0006480178088213506
HORVUMOREXr34HG0380030,0.0006474612784222699
HORVUMOREXr31HG0075820,0.0006465699448381201
HORVUMOREXr31HG0037270,0.0006453963595777168
HORVUMOREXr31HG0044090,0.0006420784654619638
HORVUMOREXr32HG0117090,0.0006419147416818305
HORVUMOREXr35HG0529120,0.0006413046912575737
HORVUMOREXr32HG0157340,0.0006407754176598246
HORVUMOREXr31HG0008890,0.0006404381375614321
HORVUMOREXr32HG0168940,0.0006398908228106848
HORVUMOREXr35HG0436650,0.0006381326780683594
HORVUMOREXr32HG0107420,0.00063795562935411
HORVUMOREXr33HG0303500,0.0006347298187938577
HORVUMOREXr34HG0410040,0.0006345379392996619
HORVUMOREXr33HG0300030,0.0006341675931980717
HORVUMOREXr31HG0042320,0.0006335693362780148
HORVUMOREXr33HG0296730,0.0006329641269076092
HORVUMOREXr33HG0302110,0.0006321386520994565
HORVUMOREXr34HG0393770,0.0006309831263934029
HORVUMOREXr33HG0299460,0.0006305282959510805
HORVUMOREXr31HG0057560,0.0006269516974498401
HORVUMOREXr33HG0312260,0.0006256918692815816
HORVUMOREXr33HG0299300,0.0006250203361651075
HORVUMOREXr34HG0394400,0.0006243384157869514
HORVUMOREXr31HG0067700,0.0006225069158972474
HORVUMOREXr33HG0327290,0.0006210236685001291
HORVUMOREXr32HG0150450,0.0006204937381698983
HORVUMOREXr33HG0295550,0.000619826442689373
HORVUMOREXr35HG0476020,0.0006194968356732034
HORVUMOREXr31HG0031320,0.0006183033022534801
HORVUMOREXr34HG0366020,0.0006161573225472238
HORVUMOREXr34HG0404040,0.0006138283332347783
HORVUMOREXr34HG0389460,0.0006105387133266049
HORVUMOREXr34HG0395270,0.000610052266420098
HORVUMOREXr31HG0026070,0.0006089462517957145
HORVUMOREXr32HG0190470,0.0006079949660306738
HORVUMOREXr33HG0257140,0.0006074424295002246
HORVUMOREXr34HG0352010,0.0006038967029599007
HORVUMOREXr32HG0133100,0.0006023302027733735
HORVUMOREXr35HG0517030,0.0006021457008682774
HORVUMOREXr33HG0267610,0.0006004383239633171
HORVUMOREXr32HG0156280,0.0005998181119866785
HORVUMOREXr35HG0456950,0.0005994402290343715
HORVUMOREXr32HG0135510,0.0005994263228421915
HORVUMOREXr34HG0404020,0.0005992976340451151
HORVUMOREXr34HG0365930,0.0005983986708451994
HORVUMOREXr33HG0308570,0.0005976223373727408
HORVUMOREXr35HG0447100,0.0005972312732274076
HORVUMOREXr33HG0249640,0.0005968069936352549
HORVUMOREXr31HG0028220,0.0005958611106871103
HORVUMOREXr35HG0471460,0.0005945079498633276
HORVUMOREXr34HG0388950,0.0005926518396881875
HORVUMOREXr34HG0416040,0.0005919091778196162
HORVUMOREXr36HG0552600,0.0005916302592686406
HORVUMOREXr31HG0032990,0.0005901064850331749
HORVUMOREXr33HG0299350,0.0005896831632890098
HORVUMOREXr33HG0325900,0.0005888062690064544
HORVUMOREXr35HG0516660,0.0005878499694472338
HORVUMOREXr33HG0309460,0.0005873946080214409
HORVUMOREXr35HG0448670,0.0005871162561379606
HORVUMOREXr35HG0436660,0.0005870060340612326
HORVUMOREXr34HG0337850,0.0005863232234196402
HORVUMOREXr32HG0100760,0.0005848260978018516
HORVUMOREXr34HG0352760,0.0005845379683523789
HORVUMOREXr34HG0333640,0.0005838339710680884
HORVUMOREXr32HG0194200,0.0005834676170161402
HORVUMOREXr34HG0407390,0.0005826407291442592
HORVUMOREXr31HG0030240,0.0005818532891123596
HORVUMOREXr33HG0274920,0.0005799255516103585
HORVUMOREXr34HG0397660,0.0005797860969641988
HORVUMOREXr34HG0345970,0.0005780080726617598
HORVUMOREXr33HG0302620,0.0005771986609397573
HORVUMOREXr33HG0235070,0.000575815218144271
HORVUMOREXr32HG0216940,0.0005745357605337631
HORVUMOREXr35HG0484080,0.0005743312704726123
HORVUMOREXr31HG0074520,0.0005742907443072909
HORVUMOREXr33HG0293070,0.0005739371468007448
HORVUMOREXr35HG0469350,0.0005723714992927853
HORVUMOREXr33HG0257500,0.0005720486887423703
HORVUMOREXr33HG0225680,0.0005717891009953746
HORVUMOREXr36HG0543180,0.000571239286709897
HORVUMOREXr33HG0247420,0.0005707596817319427
HORVUMOREXr31HG0053190,0.0005705689896331023
HORVUMOREXr35HG0511830,0.0005699796039334615
HORVUMOREXr35HG0534480,0.0005692632559475896
HORVUMOREXr33HG0286350,0.0005684084480890306
HORVUMOREXr32HG0144220,0.0005669877315813209
HORVUMOREXr33HG0295160,0.0005656902079954307
HORVUMOREXr33HG0269660,0.0005655726340137335
HORVUMOREXr32HG0202110,0.0005649424787407042
HORVUMOREXr35HG0439290,0.0005632929104467621
HORVUMOREXr33HG0331030,0.0005631955402077437
HORVUMOREXr31HG0000350,0.000560043984951335
HORVUMOREXr32HG0124560,0.0005597951218805974
HORVUMOREXr35HG0462530,0.0005594186107919086
HORVUMOREXr35HG0529200,0.0005588792111939256
HORVUMOREXr33HG0298380,0.000554653294984746
HORVUMOREXr34HG0336060,0.0005545774700658513
HORVUMOREXr32HG0203600,0.000553844213281991
HORVUMOREXr32HG0127290,0.0005524598084230092
HORVUMOREXr35HG0508080,0.0005520093365339562
HORVUMOREXr34HG0381750,0.0005516503939725226
HORVUMOREXr34HG0344500,0.0005475257955140477
HORVUMOREXr31HG0094820,0.0005450674015537515
HORVUMOREXr33HG0256390,0.0005441867977606308
HORVUMOREXr31HG0093050,0.0005424537857777523
HORVUMOREXr34HG0370540,0.0005416528557725542
HORVUMOREXr35HG0480210,0.0005416397597400646
HORVUMOREXr35HG0486890,0.0005406368560261399
HORVUMOREXr31HG0095270,0.0005403770061093383
HORVUMOREXr33HG0308780,0.0005401125589196454
HORVUMOREXr31HG0053930,0.0005393278238261701
HORVUMOREXr34HG0348040,0.0005386767871550547
HORVUMOREXr31HG0017110,0.000536721011321788
HORVUMOREXr32HG0167400,0.0005348142224715957
HORVUMOREXr33HG0291190,0.0005338737655802106
HORVUMOREXr32HG0156130,0.0005333844925917219
HORVUMOREXr34HG0334180,0.0005327467800088925
HORVUMOREXr31HG0094760,0.0005312978899928567
HORVUMOREXr33HG0306850,0.0005306210614435258
HORVUMOREXr31HG0049600,0.0005302031318933587
HORVUMOREXr32HG0097360,0.0005301295805384143
HORVUMOREXr34HG0395240,0.0005284697177921771
HORVUMOREXr32HG0166590,0.000527561443286686
HORVUMOREXr34HG0354480,0.0005266474319250847
HORVUMOREXr31HG0030080,0.0005266403375935625
HORVUMOREXr31HG0062470,0.0005263903570175898
HORVUMOREXr34HG0409260,0.000525853296421701
HORVUMOREXr34HG0331640,0.0005254759063882375
HORVUMOREXr34HG0389550,0.0005250877107755514
HORVUMOREXr35HG0463430,0.0005244848725124029
HORVUMOREXr31HG0049410,0.0005227707329686381
HORVUMOREXr32HG0107750,0.0005221683423951617
HORVUMOREXr34HG0392950,0.000521707379266445
HORVUMOREXr33HG0242790,0.0005191746566197252
HORVUMOREXr35HG0460770,0.0005190201243385672
HORVUMOREXr32HG0122210,0.0005184165882871384
HORVUMOREXr32HG0123630,0.000517429233987059
HORVUMOREXr31HG0017250,0.0005169920062871824
HORVUMOREXr34HG0355130,0.0005152922737033805
HORVUMOREXr35HG0520930,0.0005123522346912068
HORVUMOREXr32HG0112170,0.0005121983034405275
HORVUMOREXr35HG0491740,0.0005120190316347361
HORVUMOREXr36HG0544100,0.0005106967999381595
HORVUMOREXr32HG0150710,0.0005075807597313542
HORVUMOREXr33HG0278540,0.0005055639418787905
HORVUMOREXr33HG0306200,0.0005055081558748498
HORVUMOREXr36HG0559310,0.0005051812645797326
HORVUMOREXr31HG0094940,0.0005045873404014856
HORVUMOREXr33HG0244060,0.0005021492890227819
HORVUMOREXr32HG0209720,0.0005020126336421527
HORVUMOREXr31HG0004560,0.0005012727440953313
HORVUMOREXr35HG0446560,0.0004981748798900299
HORVUMOREXr34HG0400070,0.0004967849384684087
HORVUMOREXr31HG0026930,0.0004967684983512299
HORVUMOREXr31HG0056160,0.000489645964717056
HORVUMOREXr32HG0131380,0.0004834204382677854
HORVUMOREXr35HG0461190,0.0004821126199203718
HORVUMOREXr31HG0092090,0.00048144961685466116
HORVUMOREXr33HG0236070,0.0004787095279107234
HORVUMOREXr33HG0285480,0.00047686255591543157
HORVUMOREXr34HG0334810,0.00047682970230198405
HORVUMOREXr31HG0072580,0.00047283518979384097
HORVUMOREXr31HG0040050,0.000471966359855287
HORVUMOREXr31HG0082380,0.00047114834622334455
HORVUMOREXr32HG0139270,0.0004707244844121305
HORVUMOREXr35HG0505180,0.00046948239230914623
HORVUMOREXr31HG0055320,0.00046854719523480525
HORVUMOREXr35HG0532620,0.0004682590526590502
HORVUMOREXr32HG0140420,0.0004664273331354707
HORVUMOREXr35HG0527190,0.00046490250610077056
HORVUMOREXr34HG0417970,0.0004628759512343095
HORVUMOREXr35HG0440090,0.00046151402961953637
HORVUMOREXr32HG0198720,0.00046121018788198854
HORVUMOREXr35HG0494970,0.0004598884582003393
HORVUMOREXr34HG0414880,0.00045484745824523996
HORVUMOREXr33HG0271250,0.0004525093101847233
HORVUMOREXr31HG0090930,0.0004505076858731627
HORVUMOREXr33HG0303390,0.00044899679385707714
HORVUMOREXr34HG0410190,0.00044775435461588133
HORVUMOREXr31HG0016090,0.0004448955129419119
HORVUMOREXr32HG0105100,0.0004436657662336074
HORVUMOREXr33HG0255600,0.0004430025675719662
HORVUMOREXr34HG0401280,0.0004422724323740113
HORVUMOREXr33HG0224620,0.00044116948805452696
HORVUMOREXr34HG0395830,0.0004410135169018758
HORVUMOREXr35HG0529870,0.0004345369206566829
HORVUMOREXr35HG0510960,0.0004329342406344949
HORVUMOREXr34HG0413490,0.0004276011269166702
HORVUMOREXr33HG0289290,0.0004259551467112033
HORVUMOREXr31HG0064000,0.00041944447004425454
HORVUMOREXr31HG0073090,0.00041894717677678275
HORVUMOREXr33HG0282020,0.00041851647749354017
HORVUMOREXr31HG0052990,0.0004172458942775847
HORVUMOREXr35HG0513350,0.000415806974779116
HORVUMOREXr33HG0291160,0.00041350111769133946
HORVUMOREXr33HG0266440,0.00040965749371025596
HORVUMOREXr34HG0375390,0.00040890454705731826
HORVUMOREXr32HG0118630,0.0004086084189839312
HORVUMOREXr34HG0389730,0.0004037565750240901
HORVUMOREXr35HG0531680,0.00040372922390815804
HORVUMOREXr35HG0494850,0.0004028257855861739
HORVUMOREXr33HG0304680,0.0004019468123260594
HORVUMOREXr31HG0074260,0.00039480452248767504
HORVUMOREXr35HG0496260,0.000390868716967816
HORVUMOREXr32HG0189740,0.000385573005896731
HORVUMOREXr32HG0109660,0.0003819942112750141
HORVUMOREXr31HG0024510,0.0003788177765454748
HORVUMOREXr31HG0048410,0.0003660144830610079
HORVUMOREXr32HG0138280,0.0003639381299387878
HORVUMOREXr32HG0130600,0.0003592410263263446
HORVUMOREXr31HG0042230,0.0003560480107444164
HORVUMOREXr34HG0380710,0.00035182334888304466
HORVUMOREXr34HG0408630,0.00035155740535628864
HORVUMOREXr34HG0389540,0.0003504401127338497
HORVUMOREXr31HG0052690,0.00034848218065235413
HORVUMOREXr35HG0450150,0.00034459670680007546
HORVUMOREXr31HG0034330,0.0003443688697370817
HORVUMOREXr31HG0076780,0.00033708079252392053
HORVUMOREXr32HG0160620,0.00032991610018143544
HORVUMOREXr34HG0403410,0.0003272819802555205
HORVUMOREXr35HG0466330,0.0003170738633161818
HORVUMOREXr34HG0333020,0.0003116109508755471
HORVUMOREXr32HG0138920,0.0002998104610378505
HORVUMOREXr35HG0471700,0.00029868865973867284
HORVUMOREXr33HG0315690,0.0002986755236929639
HORVUMOREXr32HG0169290,0.00029689992012208675
HORVUMOREXr32HG0159780,0.000283654347895208
HORVUMOREXr32HG0126780,0.00027888075554074023
HORVUMOREXr32HG0183720,0.0002419415660983759
